smiles_std,Molecule ID,IC50_uM_FP2,n_measurements,Label_FP2,IC50_uM_PF,Label_PF
C#CCOc1ccc(/C=C/C(=O)c2ccc(OC)c(OC)c2OC)cc1,CHEMBL597017,100.0,1.0,0,,
C#CCOc1ccc(/C=C/C(=O)c2ccc(OC)cc2)cc1,CHEMBL589510,100.0,1.0,0,,
C#CCOc1ccc(/C=C/C(=O)c2ccc(OC)cc2OC)cc1,CHEMBL602103,100.0,1.0,0,,
C#CCOc1ccc(C(=O)/C=C/c2ccc(OC)c(OC)c2OC)cc1,CHEMBL592303,100.0,1.0,0,,
C#CCOc1ccc(C(=O)/C=C/c2ccc(OC)cc2)cc1,CHEMBL606235,100.0,1.0,0,,
C#CCOc1ccc(C(=O)/C=C/c2ccc(OC)cc2OC)cc1,CHEMBL592268,100.0,1.0,0,,
C#CCOc1cccc(/C=C/C(=O)c2ccc(OC)c(OC)c2OC)c1,CHEMBL597626,19.0,1.0,0,,
C#CCOc1cccc(/C=C/C(=O)c2ccc(OC)cc2)c1,CHEMBL597624,100.0,1.0,0,,
C#CCOc1cccc(/C=C/C(=O)c2ccc(OC)cc2OC)c1,CHEMBL597625,100.0,1.0,0,,
C#CCOc1cccc(C(=O)/C=C/c2ccc(OC)c(OC)c2OC)c1,CHEMBL589904,100.0,1.0,0,,
C#CCOc1cccc(C(=O)/C=C/c2ccc(OC)cc2)c1,CHEMBL596611,100.0,1.0,0,,
C#CCOc1cccc(C(=O)/C=C/c2ccc(OC)cc2OC)c1,CHEMBL589903,100.0,1.0,0,,
C#CCOc1ccccc1/C=C/C(=O)c1ccc(OC)c(OC)c1OC,CHEMBL597896,100.0,1.0,0,,
C#CCOc1ccccc1/C=C/C(=O)c1ccc(OC)cc1,CHEMBL597892,100.0,1.0,0,,
C#CCOc1ccccc1/C=C/C(=O)c1ccc(OC)cc1OC,CHEMBL589509,100.0,1.0,0,,
C#CCOc1ccccc1C(=O)/C=C/c1ccc(OC)c(OC)c1OC,CHEMBL596610,100.0,1.0,0,,
C#CCOc1ccccc1C(=O)/C=C/c1ccc(OC)cc1,CHEMBL597219,100.0,1.0,0,,
C#CCOc1ccccc1C(=O)/C=C/c1ccc(OC)cc1OC,CHEMBL597220,100.0,1.0,0,,
C(=C\c1cn(-c2ccccc2)nc1-c1ccccc1)/c1nnc(-c2c[nH]c3ccccc23)o1,CHEMBL5421969,7.0,1.0,0,,
C(=C\c1cn(-c2ccccc2)nc1-c1ccccc1)/c1nnc(-c2ccco2)o1,CHEMBL5424180,14.0,1.0,0,,
C/C(=N/N=C(/N)S)c1cccc(/C(C)=N/N=C(/N)S)n1,CHEMBL325549,20.0,1.0,0,,
C/C(=N\N=C(/S)N1CCN(C)CC1)c1cccc(Br)c1,CHEMBL326220,20.0,1.0,0,,
C/C(=N\N=C(\N)S)c1ccc(-c2ccccc2)cc1,CHEMBL323975,10.0,1.0,0,,
C/C(=N\N=C(\N)S)c1ccc(Nc2ccccc2)cc1,CHEMBL107612,20.0,1.0,0,,
C/C(=N\NC(N)=S)c1ccccn1,CHEMBL416771,20.0,1.0,0,,
C/C(=N\NS(=O)(=O)c1ccc(C)cc1)c1c(O)c2ccccc2oc1=O,CHEMBL222322,3.9,1.0,1,,
C/C(CC(=O)c1ccc(Br)cc1)=N\NC(=S)NCCCNc1ccnc2cc(Cl)ccc12,CHEMBL399032,20.0,1.0,0,,
C/C(CC(=O)c1ccc(Br)cc1)=N\NC(=S)NCCNc1ccnc2cc(Cl)ccc12,CHEMBL250155,12.932,1.0,0,,
C/C(CC(=O)c1ccc(Cl)c(Cl)c1)=N\NC(=S)NCCCNc1ccnc2cc(Cl)ccc12,CHEMBL398828,20.0,1.0,0,,
C/C(CC(=O)c1ccc(Cl)c(Cl)c1)=N\NC(=S)NCCNc1ccnc2cc(Cl)ccc12,CHEMBL250154,4.416,1.0,1,,
C=C(/C=C/[C@H](C)NC(=O)[C@H](CC(C)C)NC(=O)[C@H](CC(C)C)NC(=O)[C@H](C(C)C)N(C)C)N1C(=O)C=C(OC)[C@@H]1C(C)C,Gallinamide_A_Analog_20,0.00952,,1,0.0908,1.0
C=C(/C=C/[C@H](C)NC(=O)[C@H](CC(C)C)NC(=O)[C@H](CC(C)C)NC(=O)[C@H](C(C)C)N(C)C)N1C(=O)C=C(OC)[C@@H]1Cc1c[nH]c2ccccc12,Gallinamide_A_Analog_22,0.012,,1,0.0063,1.0
C=C(/C=C/[C@H](C)NC(=O)[C@H](CC(C)C)NC(=O)[C@H](CC(C)C)NC(=O)[C@H](C(C)C)N(C)C)N1C(=O)C=C(OC)[C@@H]1Cc1ccc(O)cc1,Gallinamide_A_Analog_21,0.00525,,1,0.01335,1.0
C=C(/C=C/[C@H](C)NC(=O)[C@H](CC(C)C)NC(=O)[C@H](CC(C)C)NC(=O)[C@H](C(C)C)N(C)C)N1C(=O)C=C(OCc2ccccc2)[C@@H]1C(C)C,Gallinamide_A_Analog_24,0.00686,,1,0.062,1.0
C=C(/C=C/[C@H](C)NC(=O)[C@H](CC(C)C)NC(=O)[C@H](CC(C)C)NC(=O)[C@H](C(C)C)N(C)C)N1CC(OC)=CC1=O,Gallinamide_A_Analog_19,0.0248,,1,0.23815,1.0
C=C(/C=C/[C@H](C)NC(=O)[C@H](CC(C)C)NC(=O)[C@H](CC(C)C)NC(=O)[C@H](C(C)C)N(C)C)N1CC(OCc2ccccc2)=CC1=O,Gallinamide_A_Analog_23,0.00959,,1,0.096,1.0
C=CCn1c(SCC(=O)Nc2sc3c(c2C(N)=O)CCC3)nc2sc3c(c2c1=O)CCCC3,CHEMBL5404235,5.77,1.0,0,,
C=CCn1c(SCC(=O)Nc2sc3c(c2C(N)=O)CCC3)nc2scc(-c3ccc(Cl)cc3)c2c1=O,CHEMBL5424376,2.95,1.0,1,,
C=CCn1c(SCC(=O)Nc2sc3c(c2C(N)=O)CCC3)nc2scc(-c3cccc([N+](=O)[O-])c3)c2c1=O,CHEMBL5419333,11.8,1.0,0,,
C=CCn1c(SCC(=O)Nc2sc3c(c2C(N)=O)CCC3)nc2scc(-c3ccccc3)c2c1=O,CHEMBL559434,2.81,1.0,1,,
CC(=O)/C=C/[C@H](CCc1ccccc1)NC(=O)[C@H](CC(C)C)NC(=O)OCc1ccc([N+](=O)[O-])cc1,CHEMBL4096388,0.11,1.0,1,,
CC(=O)/C=C/[C@H](CCc1ccccc1)NC(=O)[C@H](CC(C)C)NC(=O)OCc1ccccc1,CHEMBL4072275,0.25,1.0,1,,
CC(=O)/C=C/[C@H](CCc1ccccc1)NC(=O)[C@H](Cc1ccccc1)NC(=O)OCc1ccc([N+](=O)[O-])cc1,CHEMBL4062015,0.78,1.0,1,,
CC(=O)/C=C/[C@H](CCc1ccccc1)NC(=O)[C@H](Cc1ccccc1)NC(=O)OCc1ccccc1,CHEMBL4078345,3.01,1.0,1,,
CC(=O)NCCCc1sc(CCC(=O)CSCCCc2ccccc2)nc1CCc1ccccc1,CHEMBL2260632,41.5,2.0,0,,
CC(=O)N[C@@H](CC(C)C)C(=O)N[C@@H](CC(C)C)C(=O)N[C@H](C=O)CCCNC(=N)N,CHEMBL191881,0.087,3.0,1,,
CC(=O)N[C@@H](Cc1ccccc1)C(=O)N[C@H](/C=C1\CCCN(c2ccccc2)S1(=O)=O)Cc1ccccc1,CHEMBL213827,26.5,1.0,0,,
CC(=O)Nc1ccc(S(=O)(=O)N2CCN(C(=O)c3cc(-c4ccc(OC(F)(F)F)cc4)nc4ccccc34)CC2)cc1,CHEMBL5425369,2.64,1.0,1,,
CC(=O)Nc1ccc(S(=O)(=O)N2CCN(C(=O)c3cc(Cl)nc4ccccc34)CC2)cc1,CHEMBL5395393,7.37,1.0,0,,
CC(=O)OCC(=O)[C@H](CCc1ccccc1)NC(=O)C1(NC(=O)OCc2ccccc2)CCSCC1,CHEMBL3120841,33.86,1.0,0,,
CC(=O)OCC(=O)[C@H](CCc1ccccc1)NC(=O)C1C2C=CC(C2)C1NC(=O)OCc1ccccc1,CHEMBL3120845,50.0,1.0,0,,
CC(=O)OCC(=O)[C@H](CCc1ccccc1)NC(=O)[C@@H]1COC(C)(C)N1C(=O)OCc1ccccc1,CHEMBL3120832,50.0,1.0,0,,
CC(=O)OCC(=O)[C@H](CCc1ccccc1)NC(=O)[C@@H]1Cc2ccccc2CN1C(=O)OCc1ccccc1,CHEMBL3120838,50.0,1.0,0,,
CC(=O)OCC(=O)[C@H](CCc1ccccc1)NC(=O)[C@H](CCc1ccccc1)NC(=O)OCc1ccccc1,CHEMBL3120843,29.67,1.0,0,,
CC(=O)OCc1nc(CCC(=O)CSCCCc2ccccc2)sc1CCc1ccccc1,CHEMBL2260636,41.5,2.0,0,,
CC(=O)SCC(=O)[C@H](CCc1ccccc1)NC(=O)[C@@H]1CCCN1C(=O)OCc1ccccc1,CHEMBL3120831,50.0,1.0,0,,
CC(=O)SCC(=O)[C@H](CCc1ccccc1)NC(=O)[C@@H]1C[C@@H](O)CN1C(=O)OCc1ccccc1,CHEMBL3120849,50.0,1.0,0,,
CC(C(=O)N1c2ccccc2CCc2ccccc21)n1nnc(-c2ccc(N3CCOCC3)cc2)n1,CHEMBL4582464,6.67,1.0,0,,
CC(C)(C)C1CCC(C(=O)NCCc2ccc(CNc3ccc4nc(N)nc(N)c4c3)cc2)CC1,CHEMBL4211543,7.4,1.0,0,,
CC(C)CCNC(=O)CNC=C1C(=O)Nc2ccccc21,CHEMBL1689608,50.0,1.0,0,,
CC(C)CCNC(=O)[C@H](CC(C)C)NC=C1C(=O)N(C)c2ccccc21,CHEMBL1689607,50.0,1.0,0,,
CC(C)CCNC(=O)[C@H](CC(C)C)NC=C1C(=O)Nc2c(Cl)cccc21,CHEMBL1689606,42.1,1.0,0,,
CC(C)CCNC(=O)[C@H](CC(C)C)NC=C1C(=O)Nc2cc(Cl)ccc21,CHEMBL1689605,48.5,1.0,0,,
CC(C)CCNC(=O)[C@H](CC(C)C)NC=C1C(=O)Nc2ccc(Cl)cc21,CHEMBL1689604,44.1,1.0,0,,
CC(C)CCNC(=O)[C@H](CC(C)C)NC=C1C(=O)Nc2ccccc21,CHEMBL1689603,50.0,1.0,0,,
CC(C)CCNC(=O)[C@H](CCc1ccccc1)NC=C1C(=O)Nc2c(Cl)cccc21,CHEMBL1689611,44.0,1.0,0,,
CC(C)CCNC(=O)[C@H](CCc1ccccc1)NC=C1C(=O)Nc2ccccc21,CHEMBL1689609,49.9,1.0,0,,
CC(C)CCNC(=O)[C@H](Cc1ccccc1)NC=C1C(=O)Nc2ccc(Cl)cc21,CHEMBL1689610,43.3,1.0,0,,
CC(C)CN(NC(=O)c1ccc(CN2CCN(C)CC2)cc1)c1nc(C#N)ncc1Br,CHEMBL1215628,0.0006,1.0,1,,
CC(C)C[C@H](NC(=O)N1CCN(C)CC1)C(=O)N[C@H](/C=C/S(=O)(=O)c1ccc2ccccc2c1)CCc1ccccc1,CHEMBL5420328,0.002,1.0,1,,
CC(C)C[C@H](NC(=O)N1CCN(C)CC1)C(=O)N[C@H](/C=C/S(=O)(=O)c1ccccc1)CCc1ccccc1,CHEMBL5411543,0.005,1.0,1,,
CC(C)C[C@H](NC(=O)N1CCOCC1)C(=O)N[C@@H](CCc1ccccc1)C(=O)CF,CHEMBL5398692,0.0004199999999999,1.0,1,,
CC(C)C[C@H](NC(=O)N1CCOCC1)C(=O)N[C@H](/C=C/S(=O)(=O)c1ccccc1)CCc1ccccc1,CHEMBL486232,0.0025,2.0,1,,
CC(C)C[C@H](NC(=O)N1CCOCC1)C(=O)N[C@H](/C=C1/CCCN(Cc2ccccc2)S1(=O)=O)Cc1ccccc1,CHEMBL379633,23.6,1.0,0,,
CC(C)C[C@H](NC(=O)N1CCOCC1)C(=O)N[C@H](/C=C1\CCCN(Cc2ccccc2)S1(=O)=O)Cc1ccccc1,CHEMBL211516,13.7,1.0,0,,
CC(C)C[C@H](NC(=O)N1CCOCC1)C(=O)N[C@H](/C=C1\CCCN(c2ccccc2)S1(=O)=O)Cc1ccccc1,CHEMBL379148,31.4,1.0,0,,
CC(C)C[C@H](NC(=O)N1CCOCC1)C(=O)N[C@H](/C=C1\CCN(Cc2ccccc2)S1(=O)=O)Cc1ccccc1,CHEMBL213961,48.4,1.0,0,,
CC(C)C[C@H](NC(=O)OCc1ccc([N+](=O)[O-])cc1)C(=O)N[C@H](/C=C/C#N)CCc1ccccc1,CHEMBL4090306,50.0,1.0,0,,
CC(C)C[C@H](NC(=O)OCc1ccc([N+](=O)[O-])cc1)C(=O)N[C@H](/C=C/S(=O)(=O)c1ccccc1)CCc1ccccc1,CHEMBL4070637,1.32,1.0,1,,
CC(C)C[C@H](NC(=O)OCc1ccccc1)C(=O)N[C@H](/C=C/C#N)CCc1ccccc1,CHEMBL4099269,50.0,1.0,0,,
CC(C)C[C@H](NC(=O)OCc1ccccc1)C(=O)N[C@H](/C=C/S(=O)(=O)c1ccccc1)CCc1ccccc1,CHEMBL4083754,0.78,1.0,1,,
CC(C)C[C@H](NC(=O)[C@@H]1O[C@H]1C(=O)O)C(=O)NCCCCN=C(N)N,CHEMBL1458713,54.4,3.0,0,,
CC(C)C[C@H](NC(=O)[C@H](CC(C)C)NC(=O)[C@@H](C(C)C)N(C)C)C(=O)N[C@@H](C)/C=C/C(=O)N[C@@H](C)C(=O)NCc1ccccc1,CHEMBL3358136,3.4,1.0,1,,
CC(C)C[C@H](NC(=O)[C@H](CC(C)C)NC(=O)[C@@H]1CCCN1C)C(=O)N[C@@H](C)/C=C/C(=O)N[C@@H](C)C(=O)NCc1ccccc1,CHEMBL3358137,6.0,1.0,0,6.6,0.0
CC(C)C[C@H](NC(=O)[C@H](CC(C)C)NC(=O)[C@H](C(C)C)N(C)C)C(=O)N[C@@H](C)/C=C/C(=O)N1C(=O)C=C(OCc2ccccc2)[C@@H]1C(C)C,CHEMBL3352874,0.00686,1.0,1,,
CC(C)C[C@H](NC(=O)[C@H](CC(C)C)NC(=O)[C@H](C(C)C)N(C)C)C(=O)N[C@@H](C)/C=C/C(=O)N1CC(OCc2ccccc2)=CC1=O,CHEMBL3358144,0.00959,1.0,1,,
CC(C)C[C@H](NC(=O)[C@H](CC(C)C)NC(=O)[C@H](C(C)C)N(C)C)C(=O)N[C@@H](C)/C=C/C(=O)N[C@@H](C)C(=O)NCc1ccccc1,CHEMBL3358134,11.5,1.0,0,1.5670000000000002,1.0
CC(C)C[C@H](NC(=O)[C@H](CC(C)C)NC(=O)[C@H](C(C)C)N(C)C)C(=O)N[C@@H](C)/C=C/C(=O)N[C@@H](C)C(=O)Nc1nccs1,CHEMBL3358135,2.5,1.0,1,1.1,1.0
CC(C)C[C@H](NC(=O)[C@H]1O[C@@H]1C(=O)O)C(=O)NCCCCN=C(N)N,CHEMBL374508,0.0506999999999999,8.0,1,,
CC(C)C[C@H](NC(=O)c1ccc(-c2ccccc2)cc1)C(=O)NC1(C#N)CC1,CHEMBL4227295,0.027,1.0,1,,
CC(C)C[C@H](NC(=O)c1ccc(-c2ccccc2)cc1)C(=O)NC1(C#N)CCS(=O)(=O)CC1,CHEMBL4228926,0.008,1.0,1,,
CC(C)C[C@H](NC(=O)c1ccc(CN2CCN(C)CC2)cc1)C(=O)NC1(C#N)CCS(=O)(=O)CC1,CHEMBL4228143,0.057,1.0,1,,
CC(C)C[C@H](NCON1CCOCC1)C(=O)N[C@@H](CCc1ccccc1)C(=O)C(=O)N[C@@H](Cc1ccccc1)C(N)=O,Compound_9045,0.001,,1,0.0042,1.0
CC(C)C[C@H](NCON1CCOCC1)C(=O)N[C@@H](CCc1ccccc1)C(=O)C=O,Compound_9050,0.001,,1,0.00178,1.0
CC(C)C[C@H](NCON1CCOCC1)C(=O)N[C@@H](Cc1ccc(O)cc1)C(=O)C=O,Compound_9046,0.003,,1,,0.0
CC(C)C[C@H](NOCc1ccccc1)C(=O)N[C@@H](CCc1ccccc1)C(=O)C(=O)O,Compound_9037,0.002,,1,0.0175,1.0
CC(C)C[C@H](NOCc1ccccc1)C(=O)N[C@@H](Cc1ccc(O)cc1)C(=O)O,Compound_9035,0.004,,1,,0.0
CC(C)C[C@H](NS(=O)(=O)c1ccccc1)C(=O)N[C@@H](CCc1ccccc1)C(=O)C(=O)O,Compound_9039,0.006,,1,,0.0
CC(C)C[C@H](NS(=O)(=O)c1ccccc1)C(=O)N[C@@H](Cc1ccc(O)cc1)C(=O)C(=O)O,Compound_9042,0.0499999999999999,,1,,0.0
CC(C)[C@H](NC(=O)OCc1ccccc1)C(=O)NC(C=O)Cc1ccccc1,CHEMBL423112,5.0,1.0,0,,
CC1(C)CC2=Nc3ccc(Cl)cc3S(=O)(=O)C2=C(O)C1,CHEMBL329629,5.0,1.0,0,,
CC1(C)CC2=Nc3ccc(Cl)cc3SC2=C(O)C1,CHEMBL92872,30.0,1.0,0,,
CC1(C)CC2=Nc3ccc(F)cc3S(=O)(=O)C2=C(O)C1,CHEMBL91049,5.0,1.0,0,,
CC1(C)CC2=Nc3ccc(F)cc3SC2=C(O)C1,CHEMBL92683,60.0,1.0,0,,
CC1(C)OC[C@@H](C(=O)N[C@@H](CCc2ccccc2)C(=O)CO)N1C(=O)OCc1ccccc1,CHEMBL3120833,50.0,1.0,0,,
CCCC/C(=N\NC(N)=S)c1ccc(Cl)c(Cl)c1,CHEMBL181504,0.62,1.0,1,,
CCCCOc1ccc(-c2nnn(CC(=O)Nc3c(C)ccc4ccccc34)n2)cc1,CHEMBL4582597,6.67,1.0,0,,
CCCCOc1ccc(-c2nnn(CC(=O)c3ccc(Cl)cc3)n2)cc1,CHEMBL4458321,6.67,1.0,0,,
CCCS(=O)(=O)N1CCN(S(=O)(=O)c2ccc3ccccc3c2)CC1,CHEMBL224858,12.4,1.0,0,,
CCCS(=O)(=O)c1cscc1NC(=O)CSCCS(=O)(=O)c1ccc(Cl)cc1,CHEMBL204344,3.4,1.0,1,,
CCCc1cc(O)nc(SCC(=O)NCCSCc2ccco2)n1,CHEMBL203823,4.6,1.0,1,,
CCCc1cc(O)nc(SCC(=O)Nc2ccccc2)n1,CHEMBL222707,59.9,1.0,0,,
CCN(CC)Cc1c(O)ccc(/C=N/NC(=O)NCCNc2ccnc3cc(Cl)ccc23)c1O,CHEMBL225449,2.6,1.0,1,,
CCN(CC)Cc1c(O)ccc(/C=N/NC(N)=S)c1O,CHEMBL225323,11.07,1.0,0,,
CCN(CC)Cc1c(O)ccc(C=O)c1O,CHEMBL224891,20.0,1.0,0,,
CCOC(=O)/C=C/C(=O)[C@H](C)NC(=O)[C@H](CC(C)C)NC(=O)OCc1ccccc1,CHEMBL4248915,1.2,1.0,1,,
CCOC(=O)/C=C/C(=O)[C@H](C)NC(=O)[C@H](Cc1ccccc1)NC(=O)OCc1ccccc1,CHEMBL4240920,0.19,1.0,1,,
CCOC(=O)/C=C/C(=O)[C@H](CCc1ccccc1)NC(=O)[C@H](CC(C)C)NC(=O)OCc1ccccc1,CHEMBL4245127,0.58,1.0,1,,
CCOC(=O)/C=C/C(=O)[C@H](CCc1ccccc1)NC(=O)[C@H](Cc1ccccc1)NC(=O)OCc1ccccc1,CHEMBL4251480,0.06,1.0,1,,
CCOC(=O)/C=C/[C@@H](O)[C@H](C)NC(=O)[C@H](Cc1ccccc1)NC(=O)OCc1ccccc1,CHEMBL4246909,26.8,1.0,0,,
CCOC(=O)/C=C/[C@@H](O)[C@H](CCc1ccccc1)NC(=O)[C@H](Cc1ccccc1)NC(=O)OCc1ccccc1,CHEMBL4242650,34.4,1.0,0,,
CCOC(=O)CNC=C1C(=O)Nc2ccccc21,CHEMBL1689594,50.0,1.0,0,,
CCOC(=O)[C@H](Cc1ccccc1)NC=C1C(=O)Nc2ccccc21,CHEMBL1689602,50.0,1.0,0,,
CCOC(=O)c1c2cc(OCC(=O)NCc3ccco3)ccc2n2ccccc12,CHEMBL440764,13.8,1.0,0,,
CCOP(=O)(/C=C/C(N)c1ccccc1)OCC,CHEMBL4859406,25.0,1.0,0,,
CCOP(=O)(/C=C/C(NC(=O)[C@@H]1C[C@@H](O[C@H]2O[C@@H]3O[C@@]4(C)CC[C@H]5[C@H](C)CC[C@@H]([C@H]2C)[C@@]35OO4)CN1C(=O)OCc1ccccc1)c1ccccc1)OCC,CHEMBL4864385,100.0,1.0,0,,
CCOP(=O)(/C=C/C(NC(=O)[C@H](CC(C)C)NC(=O)[C@@H]1C[C@@H](O[C@H]2O[C@@H]3O[C@@]4(C)CC[C@H]5[C@H](C)CC[C@@H]([C@H]2C)[C@@]35OO4)CN1C(=O)OCc1ccccc1)c1ccccc1)OCC,CHEMBL4857754,7.67,1.0,0,,
CCOP(=O)(/C=C/C(NC(=O)[C@H](CC(C)C)NC(=O)[C@H](CO[C@H]1O[C@@H]2O[C@@]3(C)CC[C@H]4[C@H](C)CC[C@@H]([C@H]1C)[C@@]24OO3)NC(=O)OCc1ccccc1)c1ccccc1)OCC,CHEMBL4869807,5.62,1.0,0,,
CCOP(=O)(/C=C/C(NC(=O)[C@H](CO[C@H]1O[C@@H]2O[C@@]3(C)CC[C@H]4[C@H](C)CC[C@@H]([C@H]1C)[C@@]24OO3)NC(=O)OCc1ccccc1)c1ccccc1)OCC,CHEMBL4870974,100.0,1.0,0,,
CCOP(=O)(/C=C/C(NC(=O)[C@H](Cc1ccccc1)NC(=O)[C@@H]1C[C@@H](O[C@H]2O[C@@H]3O[C@@]4(C)CC[C@H]5[C@H](C)CC[C@@H]([C@H]2C)[C@@]35OO4)CN1C(=O)OCc1ccccc1)c1ccccc1)OCC,CHEMBL4861198,100.0,1.0,0,,
CCOP(=O)(/C=C/C(NC(=O)[C@H](Cc1ccccc1)NC(=O)[C@H](CO[C@H]1O[C@@H]2O[C@@]3(C)CC[C@H]4[C@H](C)CC[C@@H]([C@H]1C)[C@@]24OO3)NC(=O)OCc1ccccc1)c1ccccc1)OCC,CHEMBL4856045,5.9,1.0,0,,
CCOP(=O)(/C=C/[C@@H](NC(=O)[C@H](CC(C)C)NC(=O)[C@@H]1C[C@@H](O[C@H]2O[C@@H]3O[C@@]4(C)CC[C@H]5[C@H](C)CC[C@@H]([C@H]2C)[C@@]35OO4)CN1C(=O)OCc1ccccc1)c1ccccc1)OCC,CHEMBL4850572,3.53,1.0,1,,
CCOP(=O)(/C=C/[C@@H](NC(=O)[C@H](CC(C)C)NC(=O)[C@H](CO[C@H]1O[C@@H]2O[C@@]3(C)CC[C@H]4[C@H](C)CC[C@@H]([C@H]1C)[C@@]24OO3)NC(=O)OCc1ccccc1)c1ccccc1)OCC,CHEMBL4857262,3.38,1.0,1,,
CCOP(=O)(/C=C/[C@@H](NC(=O)[C@H](Cc1ccccc1)NC(=O)[C@H](CO[C@H]1O[C@@H]2O[C@@]3(C)CC[C@H]4[C@H](C)CC[C@@H]([C@H]1C)[C@@]24OO3)NC(=O)OCc1ccccc1)c1ccccc1)OCC,CHEMBL4868442,3.78,1.0,1,,
CCOP(=O)(/C=C/[C@H](NC(=O)[C@H](CC(C)C)NC(=O)[C@@H]1C[C@@H](O[C@H]2O[C@@H]3O[C@@]4(C)CC[C@H]5[C@H](C)CC[C@@H]([C@H]2C)[C@@]35OO4)CN1C(=O)OCc1ccccc1)c1ccccc1)OCC,CHEMBL4845812,10.0,1.0,0,,
CCOP(=O)(/C=C/[C@H](NC(=O)[C@H](CC(C)C)NC(=O)[C@H](CO[C@H]1O[C@@H]2O[C@@]3(C)CC[C@H]4[C@H](C)CC[C@@H]([C@H]1C)[C@@]24OO3)NC(=O)OCc1ccccc1)c1ccccc1)OCC,CHEMBL4853187,9.38,1.0,0,,
CCOP(=O)(/C=C/[C@H](NC(=O)[C@H](Cc1ccccc1)NC(=O)[C@H](CO[C@H]1O[C@@H]2O[C@@]3(C)CC[C@H]4[C@H](C)CC[C@@H]([C@H]1C)[C@@]24OO3)NC(=O)OCc1ccccc1)c1ccccc1)OCC,CHEMBL4871791,13.46,1.0,0,,
CCOP(=O)(CC(=O)NNC(=O)Nc1cccc2ccccc12)OCC,CHEMBL376232,53.4,1.0,0,,
CCOc1ccc(NC(=O)N/N=C/c2ccc(C(=O)O[C@@H]3O[C@@H]4O[C@@]5(C)CC[C@H]6[C@H](C)CC[C@@H]([C@H]3C)[C@@]46OO5)cc2)cc1,CHEMBL5436591,0.29,1.0,1,,
CCOc1cccc(NC(=S)N/N=C/c2ccc(O[C@H]3O[C@@H]4O[C@@]5(C)CC[C@H]6[C@H](C)CC[C@@H]([C@H]3C)[C@@]46OO5)cc2)c1,CHEMBL5398031,0.52,1.0,1,,
CCS(=O)(=O)/C=C/CNC(=O)CN1C(=O)[C@@H](COC(=O)Nc2ccc(Cl)cc2C(F)(F)F)N=C(c2ccccc2)c2ccccc21,CHEMBL270278,8.0,1.0,0,,
CCS(=O)(=O)/C=C/[C@H](CCc1ccccc1)NC(=O)CN1C(=O)[C@@H](COC(=O)Nc2ccc(Cl)cc2C(F)(F)F)N=C(c2ccccc2)c2ccccc21,CHEMBL403991,8.0,1.0,0,,
CC[C@H](C)C(C(=O)N[C@@H](CC(C)C)C(=O)N[C@@H](CC(C)C)C(=O)N[C@H](C)/C=C/C(=O)N[C@H](C)C(=O)N1C[C@@H](O)C[C@@H]1C(C)=O)N(C)C,Gallinamide_A_Analog_10,7.7,,0,1.9,1.0
CC[C@H](C)[C@@H](C(=O)N[C@@H](CC(C)C)C(=O)N[C@@H](CC(C)C)C(=O)N[C@@H](C)/C=C/C(=O)N[C@@H](C)C(=O)N1C[C@@H](O)C[C@H]1C(=O)OC)N(C)C,CHEMBL3358133,7.7,1.0,0,,
CC[C@H](C)[C@@H](C(=O)N[C@@H](CC(C)C)C(=O)N[C@@H](CC(C)C)C(=O)N[C@@H](C)/C=C/C(=O)N[C@@H](C)C(=O)NCc1ccccc1)N(C)C,CHEMBL3358132,10.5,1.0,0,0.4805,1.0
CC[C@H](C)[C@@H](C(=O)N[C@@H](CC(C)C)C(=O)N[C@@H](CC(C)C)C(=O)N[C@H](C(=O)N[C@@H](C)/C=C/C(=O)N[C@@H](C)C(=O)N1C[C@@H](O)C[C@H]1C(=O)OC)C(C)C)N(C)C,CHEMBL3358139,50.0,1.0,0,50.0,0.0
CC[C@H](C)[C@@H](C(=O)N[C@@H](CC(C)C)C(=O)N[C@@H](CC(C)C)C(=O)N[C@H](C(=O)N[C@@H](C)/C=C/C(=O)N[C@@H](C)C(=O)NCc1ccccc1)C(C)C)N(C)C,CHEMBL3358138,50.0,1.0,0,50.0,0.0
CC[C@H](C)[C@@H](C(=O)O[C@@H](CC(C)C)C(=O)N[C@@H](CC(C)C)C(=O)N[C@@H](C)/C=C/C(=O)N1C(=O)C=C(OC)[C@@H]1C)N(C)C,CHEMBL541700,0.0085,3.0,1,4.22505,1.0
CCc1cccc2c(N/N=C/c3ccc(O[C@H]4O[C@@H]5O[C@@]6(C)CC[C@H]7[C@H](C)CC[C@@H]([C@H]4C)[C@@]57OO6)cc3)cc(C)nc12,CHEMBL2235033,0.52,1.0,1,,
CCc1nnc(NC(=O)CCc2ccc(S(=O)(=O)Nc3ccc(F)cc3)cc2)s1,CHEMBL1939368,7.0,2.0,0,,
CN(C)C=C1C(=O)N(C)c2ccccc21,CHEMBL1689599,50.0,1.0,0,,
CN(C)C=C1C(=O)Nc2c(Cl)cccc21,CHEMBL1689598,50.0,1.0,0,,
CN(C)C=C1C(=O)Nc2cc(Cl)ccc21,CHEMBL1689597,50.0,1.0,0,,
CN(C)C=C1C(=O)Nc2ccc(Cl)cc21,CHEMBL1689596,50.0,1.0,0,,
CN(C)C=C1C(=O)Nc2ccccc21,CHEMBL1689595,50.0,1.0,0,,
CN(C)c1ccc(C[C@H](NC(=O)c2ccc(-c3ccccc3)cc2)C(=O)NC2(C#N)CC2)cc1,CHEMBL4228800,5.0,1.0,0,,
CN1C(=O)C(=CNCCCNc2ccnc3cc(Cl)ccc23)c2ccccc21,CHEMBL1689615,50.0,1.0,0,,
CN1CCCC(c2cccc(C(=O)N[C@@H](Cc3cccnc3)C(=O)NC3(C#N)CC3)c2)C1,CHEMBL4227848,0.0086,1.0,1,,
CN1CCCc2cc(CCNC(=O)C(=O)Nc3ccc4c(c3)OCO4)ccc21,CHEMBL4646055,14.71,1.0,0,,
CN1CCN(C(=O)C[C@H](NC(=O)c2ccc(-c3ccccc3)cc2)C(=O)NC2(C#N)CC2)CC1,CHEMBL4227619,5.0,1.0,0,,
CN1CCN(Cc2c(O)ccc(/C=N/NC(=O)NCCNc3ccnc4cc(Cl)ccc34)c2O)CC1,CHEMBL387860,20.0,1.0,0,,
CN1CCN(Cc2c(O)ccc(/C=N/NC(N)=S)c2O)CC1,CHEMBL225184,18.22,1.0,0,,
CN1CCN(Cc2c(O)ccc(C=O)c2O)CC1,CHEMBL387974,20.0,1.0,0,,
CN1CCN(Cc2ccc(-c3cncc(C(=O)N[C@@H](Cc4cccnc4)C(=O)NC4(C#N)CC4)c3)cc2)CC1,CHEMBL4227031,0.0024,1.0,1,,
CN1CCN(Cc2ccc(C(=O)N[C@@H](Cc3cccnc3)C(=O)NC3(C#N)CC3)s2)CC1,CHEMBL4225350,0.0259,1.0,1,,
CN1CCN(Cc2ccc(C(=O)N[C@@H](Cc3cccnc3)C(=O)NC3(C#N)CCS(=O)(=O)CC3)s2)CC1,CHEMBL4227696,0.0554,1.0,1,,
CN1CCN(OCN[C@@H](Cc2ccccc2)C(=O)N[C@@H](CCc2ccccc2)C(=O)C=O)CC1,Compound_9052,0.06,,1,,0.0
CN1CCN(OCN[C@@H](Cc2ccccc2)C(=O)N[C@@H](Cc2ccc(O)cc2)C(=O)C=O)CC1,Compound_9048,0.033,,1,,0.0
COC(=O)/C=C/[C@H](CCc1ccccc1)NC(=O)[C@H](CC(C)C)NC(=O)OCc1ccc([N+](=O)[O-])cc1,CHEMBL4100751,9.63,1.0,0,,
COC(=O)/C=C/[C@H](CCc1ccccc1)NC(=O)[C@H](CC(C)C)NC(=O)OCc1ccccc1,CHEMBL4101714,9.53,1.0,0,,
COC(=O)/C=C/[C@H](CCc1ccccc1)NC(=O)[C@H](Cc1ccccc1)NC(=O)OCc1ccc([N+](=O)[O-])cc1,CHEMBL4093034,50.0,1.0,0,,
COC(=O)/C=C/[C@H](CCc1ccccc1)NC(=O)[C@H](Cc1ccccc1)NC(=O)OCc1ccccc1,CHEMBL4082758,50.0,1.0,0,,
COC(=O)/C=C/[C@H](CCc1ccccc1)n1cccc(NC(=O)OCc2ccccc2)c1=O,CHEMBL487275,19.0,1.0,0,,
COC(=O)[C@@H]1C[C@@H](O[C@H]2O[C@@H]3O[C@@]4(C)CC[C@H]5[C@H](C)CC[C@@H]([C@H]2C)[C@@]35OO4)CN1C(=O)OCc1ccccc1,CHEMBL4854350,100.0,1.0,0,,
COC(=O)[C@H](CC(C)C)NC(=O)[C@@H]1C[C@@H](O[C@H]2O[C@@H]3O[C@@]4(C)CC[C@H]5[C@H](C)CC[C@@H]([C@H]2C)[C@@]35OO4)CN1C(=O)OCc1ccccc1,CHEMBL4870203,100.0,1.0,0,,
COC(=O)[C@H](CC(C)C)NC(=O)[C@H](CO[C@H]1O[C@@H]2O[C@@]3(C)CC[C@H]4[C@H](C)CC[C@@H]([C@H]1C)[C@@]24OO3)NC(=O)OCc1ccccc1,CHEMBL4863049,100.0,1.0,0,,
COC(=O)[C@H](CO[C@H]1O[C@@H]2O[C@@]3(C)CC[C@H]4[C@H](C)CC[C@@H]([C@H]1C)[C@@]24OO3)NC(=O)OCc1ccccc1,CHEMBL4858403,100.0,1.0,0,,
COC(=O)[C@H](Cc1ccccc1)NC(=O)[C@@H]1C[C@@H](O[C@H]2O[C@@H]3O[C@@]4(C)CC[C@H]5[C@H](C)CC[C@@H]([C@H]2C)[C@@]35OO4)CN1C(=O)OCc1ccccc1,CHEMBL4859035,100.0,1.0,0,,
COC(=O)[C@H](Cc1ccccc1)NC(=O)[C@H](CO[C@H]1O[C@@H]2O[C@@]3(C)CC[C@H]4[C@H](C)CC[C@@H]([C@H]1C)[C@@]24OO3)NC(=O)OCc1ccccc1,CHEMBL4860649,100.0,1.0,0,,
COC(=O)c1ccc(CNC(=O)[C@@H](Cc2c[nH]c3ccccc23)NC(=O)Oc2ccccc2)cc1,CHEMBL5400936,13.3,1.0,0,,
COC(=O)c1ccccc1NC(=O)COC(=O)CSc1nc(C)cc(C)n1,CHEMBL436500,6.2,1.0,0,,
COC(=O)c1ccsc1NC(=O)CN1CCN(S(=O)(=O)c2ccc(Cl)cc2)CC1,CHEMBL205056,14.3,1.0,0,,
COC(=O)c1sccc1NC(=O)CC(=O)Nc1ccsc1C(=O)OC,CHEMBL383231,10.4,1.0,0,,
COC1=CC(=O)N(C(=O)/C=C/C(C)(C)NC(=O)[C@@H](CC(C)C)NC(=O)[C@H](CC(C)C)NC(=O)[C@H](C(C)C)N(C)C)[C@H]1Cc1c[nH]c2ccccc12,cpd_45,50.0,,0,4.0055,1.0
COC1=CC(=O)N(C(=O)/C=C/C(C)(C)NC(=O)[C@H](CC(C)C)NC(=O)[C@H](CC(C)C)NC(=O)[C@H](C(C)C)N(C)C)[C@H]1Cc1c[nH]c2ccccc12,CHEMBL4555310,50.0,1.0,0,,
COC1=CC(=O)N(C(=O)/C=C/[C@@H](NC(=O)[C@H](CC(C)C)NC(=O)[C@H](CC(C)C)NC(=O)[C@H](C(C)C)N(C)C)C2CCCCC2)[C@H]1Cc1c[nH]c2ccccc12,CHEMBL4442674,0.084,1.0,1,0.0095,1.0
COC1=CC(=O)N(C(=O)/C=C/[C@@H](NC(=O)[C@H](CC(C)C)NC(=O)[C@H](CC2CCCCC2)NC(=O)[C@H](C(C)C)N(C)C)C2CCCCC2)[C@H]1Cc1c[nH]c2ccccc12,CHEMBL4516951,0.169,1.0,1,0.089,1.0
COC1=CC(=O)N(C(=O)/C=C/[C@H](C)NC(=O)C(C)(C)NC(=O)[C@H](CC(C)C)NC(=O)[C@H](C(C)C)N(C)C)[C@H]1Cc1c[nH]c2ccccc12,CHEMBL4562998,50.0,1.0,0,6.8645,0.0
COC1=CC(=O)N(C(=O)/C=C/[C@H](C)NC(=O)[C@H](CC(C)C)NC(=O)[C@H](CC(C)C)NC(=O)C2CCN(C)CC2)[C@H]1Cc1c[nH]c2ccccc12,CHEMBL4434685,0.029,1.0,1,0.0455,1.0
COC1=CC(=O)N(C(=O)/C=C/[C@H](C)NC(=O)[C@H](CC(C)C)NC(=O)[C@H](CC(C)C)NC(=O)[C@H](C(C)C)N(C)C)C1,CHEMBL3358140,0.0248,1.0,1,,
COC1=CC(=O)N(C(=O)/C=C/[C@H](C)NC(=O)[C@H](CC(C)C)NC(=O)[C@H](CC(C)C)NC(=O)[C@H](C(C)C)N(C)C)[C@H]1C,CHEMBL3358128,0.00678,1.0,1,0.19565,1.0
COC1=CC(=O)N(C(=O)/C=C/[C@H](C)NC(=O)[C@H](CC(C)C)NC(=O)[C@H](CC(C)C)NC(=O)[C@H](C(C)C)N(C)C)[C@H]1C(C)C,CHEMBL3358141,0.0095199999999999,1.0,1,,
COC1=CC(=O)N(C(=O)/C=C/[C@H](C)NC(=O)[C@H](CC(C)C)NC(=O)[C@H](CC(C)C)NC(=O)[C@H](C(C)C)N(C)C)[C@H]1Cc1c[nH]c2ccccc12,CHEMBL3358143,0.012,1.0,1,0.0097,1.0
COC1=CC(=O)N(C(=O)/C=C/[C@H](C)NC(=O)[C@H](CC(C)C)NC(=O)[C@H](CC(C)C)NC(=O)[C@H](C(C)C)N(C)C)[C@H]1Cc1ccc(O)cc1,CHEMBL3358142,0.00525,1.0,1,,
COC1=CC(=O)N(C(=O)/C=C/[C@H](C)NC(=O)[C@H](CC(C)C)NC(=O)[C@H](CC2CCCCC2)NC(=O)C2CCN(C)CC2)[C@H]1Cc1c[nH]c2ccccc12,CHEMBL4467013,0.031,1.0,1,0.027,1.0
COC1=CC(=O)N(C(=O)/C=C/[C@H](C)NC(=O)[C@H](CC(C)C)NC(=O)[C@H](CC2CCCCC2)NC(=O)[C@H](C(C)C)N(C)C)[C@H]1Cc1c[nH]c2ccccc12,CHEMBL4472824,0.059,1.0,1,0.0125,1.0
COC1=CC(=O)N(C(=O)/C=C/[C@H](C)NC(=O)[C@H](CC(C)C)NC(=O)[C@H](CCc2ccccc2)NC(=O)[C@H](C(C)C)N(C)C)[C@H]1Cc1c[nH]c2ccccc12,CHEMBL4442854,0.057,1.0,1,0.006,1.0
COC1=CC(=O)N(C(=O)/C=C/[C@H](C)NC(=O)[C@H](CC(C)C)NC(=O)[C@H](Cc2ccccc2)NC(=O)[C@H](C(C)C)N(C)C)[C@H]1Cc1c[nH]c2ccccc12,CHEMBL4564002,0.06,1.0,1,0.017,1.0
COC1=CC(=O)N(C(=O)/C=C/[C@H](C)NC(=O)[C@H](CC2CCCCC2)NC(=O)[C@H](CC(C)C)NC(=O)C2CCN(C)CC2)[C@H]1Cc1c[nH]c2ccccc12,CHEMBL4527228,0.156,1.0,1,0.132,1.0
COC1=CC(=O)N(C(=O)/C=C/[C@H](C)NC(=O)[C@H](CC2CCCCC2)NC(=O)[C@H](CC(C)C)NC(=O)[C@H](C(C)C)N(C)C)[C@H]1Cc1c[nH]c2ccccc12,CHEMBL4437416,0.235,1.0,1,0.0544999999999999,1.0
COC1=CC(=O)N(C(=O)/C=C/[C@H](C)NC(=O)[C@H](CC2CCCCC2)NC(=O)[C@H](CC2CCCCC2)NC(=O)C2CCN(C)CC2)[C@H]1Cc1c[nH]c2ccccc12,CHEMBL4555968,0.455,1.0,1,0.1095,1.0
COC1=CC(=O)N(C(=O)/C=C/[C@H](C)NC(=O)[C@H](CC2CCCCC2)NC(=O)[C@H](CC2CCCCC2)NC(=O)[C@H](C(C)C)N(C)C)[C@H]1Cc1c[nH]c2ccccc12,CHEMBL4475837,0.464,1.0,1,0.174,1.0
COC1=CC(=O)N(C(=O)/C=C/[C@H](C)NC(=O)[C@H](CCc2ccccc2)NC(=O)[C@H](CC(C)C)NC(=O)[C@H](C(C)C)N(C)C)[C@H]1Cc1c[nH]c2ccccc12,CHEMBL4473513,3.097,1.0,1,1.642,1.0
COC1=CC(=O)N(C(=O)/C=C/[C@H](C)NC(=O)[C@H](CCc2ccccc2)NC(=O)[C@H](CC2CCCCC2)NC(=O)[C@H](C(C)C)N(C)C)[C@H]1Cc1c[nH]c2ccccc12,CHEMBL4594166,3.523,1.0,1,0.863,1.0
COC1=CC(=O)N(C(=O)/C=C/[C@H](CC2CCCCC2)NC(=O)[C@H](CC(C)C)NC(=O)[C@H](CC(C)C)NC(=O)[C@H](C(C)C)N(C)C)[C@H]1Cc1c[nH]c2ccccc12,CHEMBL4456644,0.27,1.0,1,0.065,1.0
COC1=CC(=O)N(C(=O)/C=C/[C@H](CCc2ccccc2)NC(=O)[C@H](CC(C)C)NC(=O)[C@H](CC(C)C)NC(=O)[C@H](C(C)C)N(C)C)[C@H]1Cc1c[nH]c2ccccc12,CHEMBL4439637,0.033,1.0,1,0.0025,1.0
COC1=CC(=O)N(C(=O)CC[C@H](C)NC(=O)[C@H](CC(C)C)NC(=O)[C@H](CC(C)C)NC(=O)[C@H](C(C)C)N(C)C)[C@H]1C,CHEMBL3358130,3.71,1.0,1,4.375,1.0
CO[C@H]1CC(=O)N(C(=O)/C=C/[C@H](C)NC(=O)[C@H](CC(C)C)NC(=O)[C@H](CC(C)C)NC(=O)[C@H](C(C)C)N(C)C)[C@H]1C,CHEMBL3358129,0.00281,1.0,1,0.21,1.0
CO[C@H]1CC(=O)N(C(=O)CC[C@H](C)NC(=O)[C@H](CC(C)C)NC(=O)[C@H](CC(C)C)NC(=O)[C@H](C(C)C)N(C)C)[C@H]1C,CHEMBL3358131,50.0,1.0,0,50.0,0.0
COc1cc(/C=C(\C#N)c2nc3ccccc3[nH]2)cc(OC)c1,CHEMBL5409393,3.61,1.0,1,,
COc1cc(/C=C/C(=O)c2ccc(NC(=O)Nc3ccc(Cl)cc3)cc2)cc(OC)c1OC,CHEMBL192149,1.8,1.0,1,,
COc1cc(OC)c(/C=C2\SC(=O)N(CC(=O)N3CCN(c4ccccc4)CC3)C2=O)c(OC)c1,CHEMBL5437576,25.5,1.0,0,,
COc1cc2cc(/C=C/C(=O)c3ccc(Cl)cc3Cl)c(Cl)nc2cc1OC,CHEMBL1213751,100.0,1.0,0,,
COc1cc2ccnc(-c3ccc(OCc4ccccc4)cc3)c2cc1OC,CHEMBL5420093,3.0,1.0,1,,
COc1ccc(-c2cc(C(=O)N3CCN(S(=O)(=O)c4ccc(NC(C)=O)cc4)CC3)c3ccccc3n2)cc1,CHEMBL5439062,2.14,1.0,1,,
COc1ccc(-c2ccc(-c3nnn(CC(=O)c4ccccc4)n3)cc2)cc1,CHEMBL4551614,6.67,1.0,0,,
COc1ccc(-c2nccc3ccc(Cc4ccccc4)cc23)cc1,CHEMBL5397408,10.0,1.0,0,,
COc1ccc(-n2cc(COc3ccnc4cc(Cl)ccc34)nn2)cc1,CHEMBL5416707,25.37,1.0,0,,
COc1ccc(C(=O)Cn2nnc(-c3ccccc3NC(=O)c3ccncc3)n2)cc1,CHEMBL4578038,6.67,1.0,0,,
COc1ccc(C(=O)Nc2ccc(-c3nnn(CC(=O)Nc4cc(C)on4)n3)cc2)cc1,CHEMBL4444541,6.67,1.0,0,,
COc1ccc(C(c2cccc(OC)c2O)N2CCN(c3ccnc4cc(Cl)ccc34)CC2)cc1,CHEMBL5624786,7.1,1.0,0,,
COc1ccc(C(c2ccccc2O)N2CCN(c3cnccn3)CC2)cc1,CHEMBL5422873,31.1,1.0,0,,
COc1ccc(C2CC3=Nc4ccc(Cl)cc4S(=O)(=O)C3=C(O)C2)cc1,CHEMBL328100,30.0,1.0,0,,
COc1ccc(C2CC3=Nc4ccc(Cl)cc4S(=O)(=O)C3=C(O)C2)cc1OC,CHEMBL93694,50.0,1.0,0,,
COc1ccc(C2CC3=Nc4ccc(Cl)cc4SC3=C(O)C2)cc1,CHEMBL433390,10.0,1.0,0,,
COc1ccc(C2CC3=Nc4ccc(Cl)cc4SC3=C(O)C2)cc1OC,CHEMBL90748,30.0,1.0,0,,
COc1ccc(C2CC3=Nc4ccc(F)cc4S(=O)(=O)C3=C(O)C2)cc1OC,CHEMBL329532,5.0,1.0,0,,
COc1ccc(C2CC3=Nc4ccc(F)cc4SC3=C(O)C2)cc1OC,CHEMBL91233,20.0,1.0,0,,
COc1ccc(CC(NC(=O)c2ccc(-c3ccccc3)cc2)C(=O)NC2(C#N)CC2)cn1,CHEMBL4228343,0.178,1.0,1,,
COc1ccc(NC(=O)Cn2nnc(-c3ccccc3NC(=O)c3cc(OC)cc(OC)c3)n2)cc1,CHEMBL4451728,6.67,1.0,0,,
COc1ccc(NC(=O)Cn2nnc(-c3ccccc3NS(=O)(=O)c3ccc(NC(C)=O)cc3)n2)cc1,CHEMBL4449400,6.67,1.0,0,,
COc1ccc(NC(=O)Nc2ccc(C(=O)/C=C/c3ccccn3)cc2)cc1,CHEMBL370877,12.5,1.0,0,,
COc1ccc(NC(=O)OC[C@H]2N=C(c3ccccc3)c3ccccc3N(CC(=O)N[C@H]3CC(=O)OC3O)C2=O)cc1,CHEMBL207117,8.79,1.0,0,,
COc1ccc(S(=O)(=O)/C=C/CNC(=O)CN2C(=O)C(COC(=O)Nc3ccc(Cl)cc3C(F)(F)F)N=C(c3ccccc3)c3ccccc32)cc1,CHEMBL271992,8.0,1.0,0,,
COc1ccc(S(=O)(=O)/C=C/[C@H](CCc2ccccc2)NC(=O)CN2C(=O)[C@@H](COC(=O)Nc3ccc(Cl)cc3C(F)(F)F)N=C(c3ccccc3)c3ccccc32)cc1,CHEMBL405741,8.0,1.0,0,,
COc1ccc2nc(C)cc(N/N=C/c3ccc(O[C@H]4O[C@@H]5O[C@@]6(C)CC[C@H]7[C@H](C)CC[C@@H]([C@H]4C)[C@@]57OO6)cc3)c2c1,CHEMBL2235037,0.29,1.0,1,,
COc1cccc(/C=C(\C#N)c2nc3ccccc3[nH]2)c1,CHEMBL4215216,2.21,1.0,1,,
COc1cccc(C(=O)NCCc2ccc(CNc3ccc4nc(N)nc(N)c4c3)cc2)c1,CHEMBL4218177,6.2,1.0,0,,
COc1cccc(C(c2ccc(C(F)(F)F)cc2)N2CCN(c3ccnc4cc(Cl)ccc34)CC2)c1O,CHEMBL5630121,5.4,1.0,0,,
COc1cccc(C(c2ccc(C(F)(F)F)cc2)N2CCN(c3cnccn3)CC2)c1O,CHEMBL5398485,6.2,1.0,0,,
COc1cccc(C(c2ccc(Cl)c(Cl)c2)N2CCN(c3ccnc4cc(Cl)ccc34)CC2)c1O,CHEMBL5624599,4.6,1.0,1,,
COc1cccc(C(c2ccc(F)c(F)c2)N2CCN(c3ccnc4cc(Cl)ccc34)CC2)c1O,CHEMBL5630854,10.4,1.0,0,,
COc1cccc(C(c2ccc(F)c(F)c2)N2CCN(c3cnccn3)CC2)c1O,CHEMBL5395561,24.3,1.0,0,,
COc1cccc(C(c2ccc(OC(F)(F)F)cc2)N2CCN(c3cnccn3)CC2)c1O,CHEMBL5437766,11.4,1.0,0,,
COc1cccc(C2CC3=Nc4ccc(Cl)cc4S(=O)(=O)C3=C(O)C2)c1OC,CHEMBL92956,4.0,1.0,1,,
COc1cccc(C2CC3=Nc4ccc(Cl)cc4SC3=C(O)C2)c1,CHEMBL329337,20.0,1.0,0,,
COc1cccc(C2CC3=Nc4ccc(Cl)cc4SC3=C(O)C2)c1OC,CHEMBL420812,10.0,1.0,0,,
COc1cccc(C2CC3=Nc4ccc(F)cc4S(=O)(=O)C3=C(O)C2)c1,CHEMBL93341,5.0,1.0,0,,
COc1cccc(C2CC3=Nc4ccc(F)cc4SC3=C(O)C2)c1,CHEMBL93465,20.0,1.0,0,,
COc1cccc(C2CC3=Nc4ccc(F)cc4SC3=C(O)C2)c1OC,CHEMBL92995,20.0,1.0,0,,
COc1cccc(CN2C(=O)C(=O)c3cc(C)ccc32)c1,CHEMBL324722,21.9,1.0,0,,
COc1cccc(CN2C(=O)C(=O)c3cc(Cl)ccc32)c1,CHEMBL120076,34.6,1.0,0,,
CS(=O)(=O)/C=C/CNC(=O)CN1C(=O)[C@@H](COC(=O)Nc2ccc(Cl)cc2C(F)(F)F)N=C(c2ccccc2)c2ccccc21,CHEMBL407354,8.0,1.0,0,,
CS(=O)(=O)/C=C/[C@H](CCc1ccccc1)NC(=O)CN1C(=O)[C@@H](COC(=O)Nc2ccc(Cl)cc2C(F)(F)F)N=C(c2ccccc2)c2ccccc21,CHEMBL272015,8.0,1.0,0,,
CS(=O)(=O)c1cccc(-c2cccc(C(=O)N[C@@H](Cc3cccnc3)C(=O)NC3(C#N)CC3)c2)c1,CHEMBL4226577,0.0081999999999999,1.0,1,,
CS/C(S)=N/N=C(\C)c1ccccn1,CHEMBL73007,20.0,1.0,0,,
C[C@H]1[C@@H](O)O[C@@H]2O[C@@]3(C)CC[C@H]4[C@H](C)CC[C@@H]1[C@@]24OO3,CHEMBL307261,100.0,1.0,0,,
C[C@H]1[C@@H](Oc2ccc(/C=N/NC(=S)Nc3ccccc3F)cc2)O[C@@H]2O[C@@]3(C)CC[C@H]4[C@H](C)CC[C@@H]1[C@@]24OO3,CHEMBL5426937,2.51,1.0,1,,
C[C@H]1[C@H](OC(=O)c2ccc(/C=N/NC(=O)Nc3ccc(F)cc3)cc2)O[C@@H]2O[C@@]3(C)CC[C@H]4[C@H](C)CC[C@@H]1[C@@]24OO3,CHEMBL5420927,0.65,1.0,1,,
C[C@H]1[C@H](OC(=O)c2ccc(/C=N/NC(=O)Nc3ccccc3F)cc2)O[C@@H]2O[C@@]3(C)CC[C@H]4[C@H](C)CC[C@@H]1[C@@]24OO3,CHEMBL5394407,0.47,1.0,1,,
Cc1c(O)ccc(/C=N/NC(N)=S)c1O,CHEMBL388101,20.0,1.0,0,,
Cc1cc(C)c2[nH]c(O)c(/N=N/C(=N)S)c2c1,CHEMBL118210,13.2,1.0,0,,
Cc1cc(C)cc(NC(=O)N/N=C/c2ccc(C(=O)O[C@@H]3O[C@@H]4O[C@@]5(C)CC[C@H]6[C@H](C)CC[C@@H]([C@H]3C)[C@@]46OO5)cc2)c1,CHEMBL5411995,0.57,1.0,1,,
Cc1cc(Cl)cc2c(/N=N/C(=N)S)c(O)[nH]c12,CHEMBL118355,9.4,1.0,0,,
Cc1cc(Cl)ccc1NC(=O)OC[C@H]1N=C(c2ccccc2)c2ccccc2N(CC(=O)N[C@H]2CC(=O)OC2O)C1=O,CHEMBL209147,8.25,1.0,0,,
Cc1cc(N/N=C/c2ccc(O[C@H]3O[C@@H]4O[C@@]5(C)CC[C@H]6[C@H](C)CC[C@@H]([C@H]3C)[C@@]46OO5)cc2)c2c(Cl)ccc(C)c2n1,CHEMBL2235032,0.39,1.0,1,,
Cc1cc(N/N=C/c2ccc(O[C@H]3O[C@@H]4O[C@@]5(C)CC[C@H]6[C@H](C)CC[C@@H]([C@H]3C)[C@@]46OO5)cc2)c2cc(Br)ccc2n1,CHEMBL2235038,0.26,1.0,1,,
Cc1cc(N/N=C/c2ccc(O[C@H]3O[C@@H]4O[C@@]5(C)CC[C@H]6[C@H](C)CC[C@@H]([C@H]3C)[C@@]46OO5)cc2)c2cc(Cl)ccc2n1,CHEMBL2235031,0.15,2.0,1,,
Cc1cc(N/N=C/c2ccc(O[C@H]3O[C@@H]4O[C@@]5(C)CC[C@H]6[C@H](C)CC[C@@H]([C@H]3C)[C@@]46OO5)cc2)c2cc(F)ccc2n1,CHEMBL2235035,0.67,1.0,1,,
Cc1cc(N/N=C/c2ccc(O[C@H]3O[C@@H]4O[C@@]5(C)CC[C@H]6[C@H](C)CC[C@@H]([C@H]3C)[C@@]46OO5)cc2)c2ccc(C)c(C)c2n1,CHEMBL2235040,0.84,1.0,1,,
Cc1cc(N/N=C/c2ccc(O[C@H]3O[C@@H]4O[C@@]5(C)CC[C@H]6[C@H](C)CC[C@@H]([C@H]3C)[C@@]46OO5)cc2)c2ccc(Cl)c(C)c2n1,CHEMBL2235030,0.21,1.0,1,,
Cc1cc(N/N=C/c2ccc(O[C@H]3O[C@@H]4O[C@@]5(C)CC[C@H]6[C@H](C)CC[C@@H]([C@H]3C)[C@@]46OO5)cc2)c2ccc(Cl)cc2n1,CHEMBL2235039,0.17,1.0,1,,
Cc1cc(N/N=C/c2ccc(O[C@H]3O[C@@H]4O[C@@]5(C)CC[C@H]6[C@H](C)CC[C@@H]([C@H]3C)[C@@]46OO5)cc2)c2cccc(Br)c2n1,CHEMBL2235028,0.84,1.0,1,,
Cc1cc(N/N=C/c2ccc(O[C@H]3O[C@@H]4O[C@@]5(C)CC[C@H]6[C@H](C)CC[C@@H]([C@H]3C)[C@@]46OO5)cc2)c2cccc(C)c2n1,CHEMBL2235029,2.28,1.0,1,,
Cc1cc(N/N=C/c2ccc(O[C@H]3O[C@@H]4O[C@@]5(C)CC[C@H]6[C@H](C)CC[C@@H]([C@H]3C)[C@@]46OO5)cc2)c2cccc(F)c2n1,CHEMBL2235034,0.28,1.0,1,,
Cc1cc(N/N=C/c2ccc(O[C@H]3O[C@@H]4O[C@@]5(C)CC[C@H]6[C@H](C)CC[C@@H]([C@H]3C)[C@@]46OO5)cc2)c2ccccc2n1,CHEMBL2235036,0.89,1.0,1,,
Cc1cc(NC(=O)Cn2nnc(-c3ccc(N)cc3)n2)no1,CHEMBL4471644,6.67,1.0,0,,
Cc1cc(NC(=O)Cn2nnc(-c3ccccc3NC(=O)c3ccccc3F)n2)no1,CHEMBL1584095,6.67,1.0,0,,
Cc1ccc(-c2nn(-c3ccccc3)cc2/C=C/c2nnc(-c3ccc(Cl)cc3)o2)cc1,CHEMBL5420344,20.0,1.0,0,,
Cc1ccc(-c2nn(-c3ccccc3)cc2/C=C/c2nnc(-c3ccc(Cl)cc3Cl)o2)cc1,CHEMBL5436386,110.0,1.0,0,,
Cc1ccc(-c2nn(-c3ccccc3)cc2/C=C/c2nnc(-c3ccc([N+](=O)[O-])cc3)o2)cc1,CHEMBL5440402,16.0,1.0,0,,
Cc1ccc(-n2cc(COc3ccnc4cc(Cl)ccc34)nn2)cc1,CHEMBL5399441,26.59,1.0,0,,
Cc1ccc(/C(=N\N=C(\N)S)c2ccc(Cl)c(Cl)c2)cc1,CHEMBL182795,1.8,1.0,1,,
Cc1ccc(C(c2ccccc2O)N2CCN(c3ccnc4cc(Cl)ccc34)CC2)cc1,CHEMBL5625072,6.1,1.0,0,,
Cc1ccc(NC(=O)N/N=C/c2ccc(O[C@H]3O[C@@H]4O[C@@]5(C)CC[C@H]6[C@H](C)CC[C@@H]([C@H]3C)[C@@]46OO5)cc2)c(C)c1,CHEMBL5428518,1.03,1.0,1,,
Cc1ccc(NC(=S)N/N=C/c2ccc(O[C@H]3O[C@@H]4O[C@@]5(C)CC[C@H]6[C@H](C)CC[C@@H]([C@H]3C)[C@@]46OO5)cc2)c(C)c1,CHEMBL5411313,1.35,1.0,1,,
Cc1ccc(S(=O)(=O)N(C)C)cc1NS(=O)(=O)c1ccc(-c2ccon2)s1,CHEMBL203802,2.9,1.0,1,,
Cc1ccc(S(=O)(=O)NC(=O)NCC2CCN(S(=O)(=O)c3ccccc3)CC2)cc1,CHEMBL379228,19.0,1.0,0,,
Cc1ccc2[nH]c(O)c(/N=N/C(=N)S)c2c1,CHEMBL119345,43.9,1.0,0,,
Cc1ccc2c(c1)C(=O)C(=O)N2Cc1ccccc1-c1ccccc1,CHEMBL117767,9.2,1.0,0,,
Cc1ccc2nc(C)cc(N/N=C/c3ccc(O[C@H]4O[C@@H]5O[C@@]6(C)CC[C@H]7[C@H](C)CC[C@@H]([C@H]4C)[C@@]57OO6)cc3)c2c1,CHEMBL2235041,0.78,1.0,1,,
Cc1cccc(NC(=O)CCC(=O)N/N=C/c2cc(Cl)ccc2O)c1,CHEMBL221833,7.5,1.0,0,,
Cc1cccc(NC(=O)Cn2c(O)c(/N=N/C(=O)C(=O)NCc3ccccc3)c3ccccc32)c1,CHEMBL203801,1.6,1.0,1,,
Cc1csc(Cn2nc(CC(=O)N/N=C/c3ccccc3)c3ccccc3c2=O)n1,CHEMBL204973,54.3,1.0,0,,
Cc1nc(C)nc(N(CCS(=O)(=O)c2ccccc2)CCS(=O)(=O)c2ccccc2)n1,CHEMBL380140,13.2,1.0,0,,
Cn1c(O)c(/N=N/C(=O)CCCCC(=O)/N=N/c2c(O)n(C)c3ccccc23)c2ccccc21,CHEMBL203856,6.5,1.0,0,,
Cn1nc(C(F)(F)F)cc1-c1ccc(C(=O)N[C@@H](Cc2cccnc2)C(=O)NC2(C#N)CC2)s1,CHEMBL4224764,0.0022,1.0,1,,
Cn1nc(C(F)(F)F)cc1-c1ccc(C(=O)N[C@@H](Cc2cccnc2)C(=O)NC2(C#N)CCS(=O)(=O)CC2)s1,CHEMBL4227427,0.0063,1.0,1,,
Fc1ccc(-n2cc(COc3cccc4cc(Cl)ccc34)nn2)cc1F,CHEMBL5438396,25.64,1.0,0,,
Fc1ccc(-n2cc(COc3ccnc4cc(Cl)ccc34)nn2)c(F)c1,CHEMBL5404412,25.38,1.0,0,,
Fc1ccc(-n2cc(COc3ccnc4cc(Cl)ccc34)nn2)cc1Cl,CHEMBL5402350,45.08,1.0,0,,
Fc1ccc(-n2cc(COc3ccnc4cc(Cl)ccc34)nn2)cc1F,CHEMBL5406869,25.64,2.0,0,,
Fc1ccccc1-n1cc(COc2ccnc3cc(Cl)ccc23)nn1,CHEMBL5417979,107.32,1.0,0,,
N#C/C=C/[C@H](CCc1ccccc1)NC(=O)[C@H](Cc1ccccc1)NC(=O)OCc1ccc([N+](=O)[O-])cc1,CHEMBL4074432,50.0,1.0,0,,
N#C/C=C/[C@H](CCc1ccccc1)NC(=O)[C@H](Cc1ccccc1)NC(=O)OCc1ccccc1,CHEMBL4060936,50.0,1.0,0,,
N#CC1(NC(=O)C(Cc2ccc(Cl)nc2)NC(=O)c2ccc(-c3ccccc3)cc2)CC1,CHEMBL4229174,0.23,1.0,1,,
N#CC1(NC(=O)[C@@H](Cc2cccnc2)NC(=O)c2ccc(-c3ccccc3)cc2)CC1,CHEMBL4228081,5.0,1.0,0,,
N#CC1(NC(=O)[C@H](CCCCCN)NC(=O)c2ccc(-c3ccccc3)cc2)CC1,CHEMBL4227566,5.0,1.0,0,,
N#CC1(NC(=O)[C@H](CCCCN)NC(=O)c2ccc(-c3ccccc3)cc2)CC1,CHEMBL4228399,5.0,1.0,0,,
N#CC1(NC(=O)[C@H](Cc2c[nH]c3ccc(O)cc23)NC(=O)c2ccc(-c3ccccc3)cc2)CC1,CHEMBL4227965,0.192,1.0,1,,
N#CC1(NC(=O)[C@H](Cc2ccc(O[C@@H]3CCNC3)cc2)NC(=O)c2ccc(-c3ccccc3)cc2)CC1,CHEMBL4225367,1.585,1.0,1,,
N#CC1(NC(=O)[C@H](Cc2ccccc2)NC(=O)c2ccc(-c3ccccc3)cc2)CC1,CHEMBL4226767,0.667,1.0,1,,
N#CC1(NC(=O)[C@H](Cc2ccccn2)NC(=O)c2ccc(-c3ccccc3)cc2)CC1,CHEMBL4225099,5.0,1.0,0,,
N#CC1(NC(=O)[C@H](Cc2cccnc2)NC(=O)c2ccc(-c3ccccc3)cc2)CC1,CHEMBL4228861,0.0231,1.0,1,,
N#CC1(NC(=O)[C@H](Cc2cccnc2)NC(=O)c2cccc(-c3cn[nH]c3)c2)CC1,CHEMBL4226307,0.0012,1.0,1,,
N#CC1(NC(=O)[C@H](Cc2cccnc2)NC(=O)c2cccc(-c3ncc[nH]3)c2)CC1,CHEMBL4227166,0.0027,1.0,1,,
N#CC1(NC(=O)[C@H](Cc2cccnc2)NC(=O)c2cccc(-n3cnnn3)c2)CC1,CHEMBL4227486,0.003,1.0,1,,
N#CC1(NC(=O)[C@H](Cc2ccncc2)NC(=O)c2ccc(-c3ccccc3)cc2)CC1,CHEMBL4228604,5.0,1.0,0,,
N#CC1(NC(=O)[C@H](Cc2cscn2)NC(=O)c2ccc(-c3ccccc3)cc2)CC1,CHEMBL4224829,0.137,1.0,1,,
N#CC1(NC(=O)[C@H](Cc2nc3ccccc3s2)NC(=O)c2ccc(-c3ccccc3)cc2)CC1,CHEMBL4228920,5.0,1.0,0,,
N#CCC(=O)N/N=C\c1ccc(OCC(=O)Nc2ccc(F)cc2)cc1,CHEMBL374510,5.7,1.0,0,,
N/C(S)=N/N=C(/c1ccc(Cl)c(Cl)c1)C1CC1c1ccccc1,CHEMBL183396,0.64,1.0,1,,
N/C(S)=N/N=C(/c1ccc(Cl)c(Cl)c1)C1CCCCC1,CHEMBL181902,14.0,1.0,0,,
N/C(S)=N/N=C(\C=C\c1ccccc1)c1ccc(Cl)c(Cl)c1,CHEMBL181752,0.47,1.0,1,,
N/C(S)=N/N=C(\CCc1ccccc1)c1ccc(Cl)c(Cl)c1,CHEMBL183005,2.6,1.0,1,,
N/C(S)=N/N=C(\COc1ccccc1)c1ccc(Cl)c(Cl)c1,CHEMBL182790,0.375,1.0,1,,
N/C(S)=N/N=C(\Cc1ccccc1)c1ccc(Cl)c(Cl)c1,CHEMBL183767,8.4,1.0,0,,
N=C(CS(=O)(=O)Cc1ccc(F)cc1)NOC(=O)c1cccs1,CHEMBL204452,50.0,1.0,0,,
N=C(N)NCCC[C@H](NC(=O)[C@H](Cc1ccccc1)NC(=O)OCc1ccccc1)C(=O)CF,CHEMBL5437384,0.0003599999999999,1.0,1,,
NC(=O)CCc1sc(CCC(=O)CSCCCc2ccccc2)nc1CCc1ccccc1,CHEMBL2260631,41.5,2.0,0,,
NC(=O)CCc1sc(NC(=O)CSCCCc2ccccc2)nc1/C=C/c1ccccc1,CHEMBL2260634,35.25,2.0,0,,
NC(=O)N/N=C/c1ccc(O)c(CN2CCN(c3ccnc4cc(Cl)ccc34)CC2)c1O,CHEMBL224260,20.0,1.0,0,,
NC(=O)[C@H](Cc1ccccc1)NC(=O)C(=O)[C@H](CCc1ccccc1)NC(=O)[C@@H](N)Cc1ccccc1,Compound_9044,1.5,,1,,0.0
NC(=O)c1c(NC(=O)CSc2nc3scc(-c4ccccc4)c3c(=O)n2C2CCCCC2)sc2c1CCC2,CHEMBL5434197,1.46,1.0,1,,
NC(=S)/N=N/c1c(O)[nH]c2ccc(Br)cc12,CHEMBL418861,29.6,1.0,0,,
NC(=S)/N=N/c1c(O)[nH]c2ccc(Cl)cc12,CHEMBL119213,32.8,1.0,0,,
NC(=S)/N=N/c1c(O)[nH]c2ccc(F)cc12,CHEMBL119756,38.6,1.0,0,,
NC(=S)/N=N/c1c(O)[nH]c2ccc(I)cc12,CHEMBL119370,28.7,1.0,0,,
NC(=S)/N=N/c1c(O)[nH]c2ccc([N+](=O)[O-])cc12,CHEMBL120254,4.4,1.0,1,,
NC(=S)/N=N/c1c(O)[nH]c2ccccc12,CHEMBL333137,38.8,1.0,0,,
NC(=S)N/N=C/c1ccc(O)c(CN2CCCC2)c1O,CHEMBL224893,5.85,1.0,0,,
NC(=S)N/N=C/c1ccc(O)c(CN2CCCCC2)c1O,CHEMBL225646,3.8,1.0,1,,
NC(=S)N/N=C/c1ccc(O)c(CN2CCN(c3ccnc4cc(Cl)ccc34)CC2)c1O,CHEMBL224312,2.25,1.0,1,,
NC(=S)N/N=C/c1ccc(O)c(CN2CCOCC2)c1O,CHEMBL427253,20.0,1.0,0,,
Nc1nc(N)c2cc(NCc3ccc(CCNC(=O)C4CCCCC4)cc3)ccc2n1,CHEMBL4212687,7.7,1.0,0,,
Nc1nc(N)c2cc(NCc3ccc(CCNC(=O)CCc4ccccc4)cc3)ccc2n1,CHEMBL4211317,4.9,1.0,1,,
Nc1nc(N)c2cc(NCc3ccc(CCNC(=O)Cc4ccccc4)cc3)ccc2n1,CHEMBL4203015,7.6,1.0,0,,
Nc1nc(N)c2cc(NCc3ccc(CCNC(=O)c4ccc(Cl)cc4F)cc3)ccc2n1,CHEMBL4209200,9.1,1.0,0,,
Nc1nc(N)c2cc(NCc3ccc(CCNC(=O)c4ccc(F)cc4)cc3)ccc2n1,CHEMBL4218788,6.7,1.0,0,,
Nc1nc(N)c2cc(NCc3ccc(CCNC(=O)c4ccc([N+](=O)[O-])cc4)cc3)ccc2n1,CHEMBL4213904,10.0,1.0,0,,
Nc1nc(N)c2cc(NCc3ccc(CCNC(=O)c4ccc5c(c4)OCO5)cc3)ccc2n1,CHEMBL4207961,5.1,1.0,0,,
Nc1nc(N)c2cc(NCc3ccc(CCNC(=O)c4cccs4)cc3)ccc2n1,CHEMBL4209486,10.0,1.0,0,,
Nc1ncc(NCc2ccc(CCNC(=O)c3ccc(F)cc3)cc2)c(N)n1,CHEMBL4786898,6.8,1.0,0,,
O=C(/C=C/c1nc(CCc2ccccc2)c(CCCO)s1)CSCCCc1ccccc1,CHEMBL2260628,18.0,2.0,0,,
O=C(/C=C\c1ccc(O)c(O)c1)O[C@H]1CO[C@@H](Oc2c(-c3ccc(O)cc3)oc3cc(O)cc(O)c3c2=O)[C@H](OC(=O)/C=C/c2ccc(O)cc2)[C@H]1O,CHEMBL5426764,0.44,1.0,1,,
O=C(CCSSCCC(=O)NCc1ccccc1)NCc1ccccc1,CHEMBL204491,15.3,1.0,0,,
O=C(CCc1ccc(S(=O)(=O)NCCc2ccccc2)cc1)Nc1ccc2c(c1)OCCO2,CHEMBL549325,54.2,1.0,0,,
O=C(CCc1nc(CCc2ccccc2)c(CCCO)s1)CSCCCc1ccccc1,CHEMBL2260629,31.25,2.0,0,,
O=C(CCc1nc(CO)c(CCc2ccccc2)s1)CSCCCc1ccccc1,CHEMBL2260635,31.25,2.0,0,,
O=C(CF)[C@H](CCc1ccccc1)NC(=O)[C@H](Cc1ccccc1)NC(=O)N1CCOCC1,CHEMBL5407224,0.003,1.0,1,,
O=C(CN1C(=O)/C(=N\NC(=O)c2ccncc2)c2ccccc21)Nc1ccccc1,CHEMBL426564,40.9,1.0,0,,
O=C(CN1C(=O)[C@@H](COC(=O)Nc2c(F)cc(F)cc2Br)N=C(c2ccccc2)c2ccccc21)N[C@H]1CC(=O)OC1O,CHEMBL437308,19.15,1.0,0,,
O=C(CN1C(=O)[C@@H](COC(=O)Nc2ccc(Cl)cc2)N=C(c2ccccc2)c2ccccc21)N[C@H]1CC(=O)OC1O,CHEMBL207102,15.04,1.0,0,,
O=C(CN1C(=O)[C@@H](COC(=O)Nc2ccc(Cl)cc2C(F)(F)F)N=C(c2ccccc2)c2ccccc21)NC/C=C/S(=O)(=O)c1ccccc1,CHEMBL408071,8.0,1.0,0,,
O=C(CN1C(=O)[C@@H](COC(=O)Nc2ccc(Cl)cc2C(F)(F)F)N=C(c2ccccc2)c2ccccc21)N[C@H](/C=C/S(=O)(=O)c1ccccc1)CCc1ccccc1,CHEMBL402455,8.0,1.0,0,,
O=C(CN1C(=O)[C@@H](COC(=O)Nc2ccc(Cl)cc2C(F)(F)F)N=C(c2ccccc2)c2ccccc21)N[C@H]1CC(=O)OC1O,CHEMBL378223,8.34,2.0,0,,
O=C(CN1C(=O)[C@@H](COC(=O)Nc2ccc(F)cc2)N=C(c2ccccc2)c2ccccc21)N[C@H]1CC(=O)OC1O,CHEMBL378475,16.34,1.0,0,,
O=C(CN1C(=O)[C@@H](COC(=O)Nc2ccc(F)cc2F)N=C(c2ccccc2)c2ccccc21)N[C@H]1CC(=O)OC1O,CHEMBL382121,13.51,1.0,0,,
O=C(CN1C(=O)[C@@H](COC(=O)Nc2cccc3ccccc23)N=C(c2ccccc2)c2ccccc21)N[C@H]1CC(=O)OC1O,CHEMBL377886,11.19,1.0,0,,
O=C(CN1C(=O)[C@@H](COC(=O)Nc2ccccc2)N=C(c2ccccc2)c2ccccc21)N[C@H]1CC(=O)OC1O,CHEMBL377557,21.54,1.0,0,,
O=C(CN1C(=O)[C@H](COC(=O)Nc2ccc(Cl)cc2C(F)(F)F)N=C(c2ccccc2)c2ccccc21)N[C@H]1CC(=O)OC1O,CHEMBL210211,10.29,1.0,0,,
O=C(CN1CCOCC1)[C@H](CCc1ccccc1)NC(=O)[C@@H]1C[C@@H](O)CN1C(=O)OCc1ccccc1,CHEMBL3120850,50.0,1.0,0,,
O=C(CNC(=O)[C@@H]1COc2ccccc2O1)N/N=C/c1cccs1,CHEMBL222270,26.6,1.0,0,,
O=C(CO)[C@H](CCc1ccccc1)NC(=O)[C@@H]1CCCN1C(=O)OCc1ccccc1,CHEMBL3120829,50.0,1.0,0,,
O=C(CO)[C@H](CCc1ccccc1)NC(=O)[C@@H]1C[C@@H](O)CN1C(=O)OCc1ccccc1,CHEMBL3120847,0.08,1.0,1,,
O=C(CO)[C@H](CCc1ccccc1)NC(=O)[C@@H]1Cc2ccccc2CN1C(=O)OCc1ccccc1,CHEMBL3120839,50.0,1.0,0,,
O=C(CSCCCc1ccccc1)[C@H](CCc1ccccc1)NC(=O)[C@@H]1CCCN1C(=O)OCc1ccccc1,CHEMBL3120830,48.13,1.0,0,,
O=C(CSCCCc1ccccc1)[C@H](CCc1ccccc1)NC(=O)[C@@H]1C[C@@H](O)CN1C(=O)OCc1ccccc1,CHEMBL3120848,1.1,1.0,1,,
O=C(CSc1ccc2ccccc2n1)N/N=C/c1ccc(O)cc1O,CHEMBL222708,63.4,1.0,0,,
O=C(CSc1nnc(O)n1Cc1ccco1)c1ccc2c(c1)OCCO2,CHEMBL204850,52.3,1.0,0,,
O=C(CSc1nnnn1-c1ccccc1)Nc1ccc(-n2cnnn2)cc1,CHEMBL224803,7.5,1.0,0,,
O=C(Cc1ccccc1)N[C@H](Cc1c[nH]c2ccccc12)C(=O)NCc1ccccc1,CHEMBL5420035,39.4,1.0,0,,
O=C(Cc1nnc(NC(=O)c2ccccc2)s1)N/N=C\c1ccc(O)c(O)c1,CHEMBL224916,31.1,1.0,0,,
O=C(Cn1cc(CN2CCN(c3ccnc4cc(Cl)ccc34)CC2)nn1)Nc1cccc([N+](=O)[O-])c1,CHEMBL5556412,8.1,1.0,0,,
O=C(Cn1nnc(-c2ccccc2)n1)N/N=C1\C(=O)Nc2ccccc21,CHEMBL224915,27.3,1.0,0,,
O=C(Cn1nnc(-c2ccccc2)n1)NN/C=N\OCc1c(F)cccc1Cl,CHEMBL204035,10.8,1.0,0,,
O=C(Cn1nnc(-c2ccccc2)n1)NNC(=O)c1ccco1,CHEMBL1302947,6.67,1.0,0,,
O=C(N/N=C/c1ccc(/C=N/NC(=O)c2ccccc2O)cc1)c1ccccc1O,CHEMBL222871,2.2,1.0,1,,
O=C(N/N=C/c1ccccc1O)c1cccc(C(=O)N/N=C/c2ccccc2O)n1,CHEMBL438659,7.0,1.0,0,,
O=C(NC1(C(=O)N[C@@H](CCc2ccccc2)C(=O)CO)CCSCC1)OCc1ccccc1,CHEMBL3120842,3.25,1.0,1,,
O=C(NC1C2C=CC(C2)C1C(=O)N[C@@H](CCc1ccccc1)C(=O)CO)OCc1ccccc1,CHEMBL3120846,33.64,1.0,0,,
O=C(NCCCNC(=O)c1cc2ccccc2[nH]1)c1ccc(-c2ccccc2)cc1,CHEMBL4637201,12.16,1.0,0,,
O=C(NCCNc1ccnc2cc(Cl)ccc12)N/N=C/c1ccc(O)c(CN2CCCC2)c1O,CHEMBL223654,0.72,1.0,1,,
O=C(NCCNc1ccnc2cc(Cl)ccc12)N/N=C/c1ccc(O)c(CN2CCCCC2)c1O,CHEMBL434743,0.63,1.0,1,,
O=C(NCCNc1ccnc2cc(Cl)ccc12)N/N=C/c1ccc(O)c(CN2CCN(c3ccnc4cc(Cl)ccc34)CC2)c1O,CHEMBL224025,3.16,1.0,1,,
O=C(NCCNc1ccnc2cc(Cl)ccc12)N/N=C/c1ccc(O)c(CN2CCOCC2)c1O,CHEMBL389869,20.0,1.0,0,,
O=C(NCc1ccc(/C=c2/sc3n(c2=O)CCN=3)o1)C(=O)Nc1ccccc1,CHEMBL221991,6.2,1.0,0,,
O=C(N[C@@H](CCc1ccccc1)C(=O)N[C@@H](CCc1ccccc1)C(=O)CO)OCc1ccccc1,CHEMBL3120844,30.08,1.0,0,,
O=C(N[C@@H](Cc1ccccc1)C(=O)N[C@H](/C=C/S(=O)(=O)c1ccccc1)CCc1ccccc1)OCc1ccc([N+](=O)[O-])cc1,CHEMBL4081250,50.0,1.0,0,,
O=C(N[C@@H](Cc1ccccc1)C(=O)N[C@H](/C=C/S(=O)(=O)c1ccccc1)CCc1ccccc1)OCc1ccccc1,CHEMBL2402204,7.33,1.0,0,,
O=C(N[C@@H]1CCCC[C@@H]1C(=O)N[C@@H](CCc1ccccc1)C(=O)CO)OCc1ccccc1,CHEMBL3120835,4.42,1.0,1,,
O=C(N[C@H](/C=C/S(=O)(=O)c1ccccc1)CCc1ccccc1)[C@H](Cc1ccccc1)NC(=O)N1CCOCC1,CHEMBL327624,0.08,1.0,1,,
O=C(N[C@H](Cc1c[nH]c2ccccc12)C(=O)NCc1ccc([N+](=O)[O-])cc1)Oc1ccccc1,CHEMBL5438601,10.0,1.0,0,,
O=C(N[C@H](Cc1c[nH]c2ccccc12)C(=O)NCc1ccccc1)Oc1ccccc1,CHEMBL5408566,29.7,1.0,0,,
O=C(N[C@H]1CC=CC[C@H]1C(=O)N[C@@H](CCc1ccccc1)C(=O)CO)OCc1ccccc1,CHEMBL3120836,50.0,1.0,0,,
O=C(N[C@H]1CCCC[C@H]1C(=O)N[C@@H](CCc1ccccc1)C(=O)CO)OCc1ccccc1,CHEMBL3120834,5.52,1.0,0,,
O=C(N[C@H]1CCC[C@H]1C(=O)N[C@@H](CCc1ccccc1)C(=O)CO)OCc1ccccc1,CHEMBL3120837,50.0,1.0,0,,
O=C(Nc1ccc(Cl)cc1)Nc1ccc(C(=O)/C=C/c2ccc(Cl)cc2)cc1,CHEMBL194821,2.6,1.0,1,,
O=C(Nc1ccc(Cl)cc1)Nc1ccc(C(=O)/C=C/c2ccc(Cl)cc2Cl)cc1,CHEMBL195822,2.5,1.0,1,,
O=C(Nc1ccc(Cl)cc1)Nc1ccc(C(=O)/C=C/c2ccc(F)cc2F)cc1,CHEMBL191640,2.6,1.0,1,,
O=C(Nc1ccc(Cl)cc1)Nc1ccc(C(=O)/C=C/c2ccc3c(c2)OCO3)cc1,CHEMBL195381,2.5,1.0,1,,
O=C(Nc1ccc(Cl)cc1)Nc1ccc(C(=O)/C=C/c2ccccc2)cc1,CHEMBL191457,3.8,1.0,1,,
O=C(Nc1ccc(Cl)cc1)Nc1ccc(C(=O)/C=C/c2ccccn2)cc1,CHEMBL373022,3.4,1.0,1,,
O=C(Nc1cccc(O)c1)c1cccc(S(=O)(=O)Nc2cccc(O)c2)c1,CHEMBL222709,50.0,1.0,0,,
O=C(O)/C=C/[C@@H](O)[C@H](CCc1ccccc1)NC(=O)[C@H](Cc1ccccc1)NC(=O)OCc1ccccc1,CHEMBL4238922,75.0,1.0,0,,
O=C(O)C(=O)[C@H](CCc1ccccc1)NC(=O)[C@H](Cc1ccccc1)NOCc1ccccc1,Compound_9038,0.02,,1,,0.0
O=C(O)C(=O)[C@H](CCc1ccccc1)NC(=O)[C@H](Cc1ccccc1)NS(=O)(=O)c1ccccc1,Compound_9040,0.031,,1,,0.0
O=C(O)c1ccccc1N/N=C/c1ccc(/C=N/Nc2ccccc2C(=O)O)cc1,CHEMBL224801,1.0,1.0,1,,
O=C(c1cc(-c2ccccc2)nc2ccccc12)N1CCN(S(=O)(=O)c2ccc(Cl)cc2Cl)CC1,CHEMBL5412407,4.2,1.0,1,,
O=C(c1cc(-c2ccccc2)nc2ccccc12)N1CCN(c2cc(=O)[nH]c3ccccc23)CC1,CHEMBL5398030,13.01,1.0,0,,
O=C(c1cc(Cl)nc2ccccc12)N1CCN(c2ccnc3cc(Cl)ccc23)CC1,CHEMBL5394920,4.78,1.0,1,,
O=C1C(=O)N(Cc2ccc(Cl)cc2)c2ccc(Cl)cc21,CHEMBL333067,31.2,1.0,0,,
O=C1C(=O)N(Cc2ccccc2)c2ccc(Cl)cc21,CHEMBL336693,46.9,1.0,0,,
O=C1CCC(NC(=O)OCc2ccccc2)(C(=O)N[C@@H](CCc2ccccc2)C(=O)CO)CC1,CHEMBL3120840,50.0,1.0,0,,
O=C1Nc2c(Cl)cccc2C1=CNCCCNc1ccnc2cc(Cl)ccc12,CHEMBL1689614,50.0,1.0,0,,
O=C1Nc2cc(Cl)ccc2C1=CNCCCNc1ccnc2cc(Cl)ccc12,CHEMBL1689613,50.0,1.0,0,,
O=C1Nc2ccc(Cl)cc2C1=CNCCCNc1ccnc2cc(Cl)ccc12,CHEMBL1689612,50.0,1.0,0,,
O=C1Nc2ccc([N+](=O)[O-])cc2C1=O,CHEMBL118305,42.6,1.0,0,,
O=C1Nc2ccccc2C1=CNCCCNc1ccnc2cc(Cl)ccc12,CHEMBL1687962,50.0,1.0,0,,
O=C1Nc2ccccc2C1=CNc1ccccc1,CHEMBL1689601,50.0,1.0,0,,
O=C1Nc2ccccc2C1=CSCc1ccccc1,CHEMBL1689600,50.0,1.0,0,,
O=CC(=O)[C@H](CCc1ccccc1)NC(=O)[C@H](Cc1ccccc1)NON1CCOCC1,Compound_9051,0.009,,1,,0.0
O=CC(=O)[C@H](Cc1ccc(O)cc1)NC(=O)[C@H](Cc1ccccc1)NCON1CCOCC1,Compound_9047,0.033,,1,,0.0
O=CC(=O)[C@H](Cc1ccc(O)cc1)NC(=O)[C@H](Cc1ccccc1)NOCc1ccccc1,Compound_9036,0.016,,1,,0.0
O=CCCc1sc(CCC(=O)CSCCCc2ccccc2)nc1CCc1ccccc1,CHEMBL2260630,44.55,2.0,0,,
O=C[C@H](CCc1ccccc1)n1cccc(NC(=O)OCc2ccccc2)c1=O,CHEMBL488829,10.9,1.0,0,,
O=Cc1ccc(O)c(CN2CCCC2)c1O,CHEMBL388317,20.0,1.0,0,,
O=Cc1ccc(O)c(CN2CCCCC2)c1O,CHEMBL225592,20.0,1.0,0,,
O=Cc1ccc(O)c(CN2CCN(c3ccnc4cc(Cl)ccc34)CC2)c1O,CHEMBL224258,20.0,1.0,0,,
O=Cc1ccc(O)c(CN2CCOCC2)c1O,CHEMBL225644,20.0,1.0,0,,
O=S(=O)(Cc1ccc(Cl)cc1)Cc1nc(-c2ccsc2)no1,CHEMBL382027,47.8,1.0,0,,
O=S(=O)(NCc1ccco1)c1ccc2c(c1)Cc1cc(S(=O)(=O)NCc3ccco3)ccc1-2,CHEMBL381093,1.4,1.0,1,,
O=S(=O)(c1ccc(-c2ccc(S(=O)(=O)N3CCOCC3)s2)s1)N1CCOCC1,CHEMBL203649,5.4,1.0,0,,
O=S1(=O)C2=C(O)CC(c3ccc(Cl)cc3)CC2=Nc2ccc(Cl)cc21,CHEMBL91856,4.0,1.0,1,,
O=S1(=O)C2=C(O)CC(c3ccc(Cl)cc3)CC2=Nc2ccc(F)cc21,CHEMBL414179,5.0,1.0,0,,
O=S1(=O)C2=C(O)CC(c3ccc(Cl)cc3Cl)CC2=Nc2ccc(Cl)cc21,CHEMBL93846,30.0,1.0,0,,
O=S1(=O)C2=C(O)CC(c3ccccc3)CC2=Nc2ccc(Cl)cc21,CHEMBL92805,4.0,1.0,1,,
O=[N+]([O-])c1ccc(-n2cc(COc3cccc4cc(Cl)ccc34)nn2)cc1,CHEMBL5416078,16.16,1.0,0,,
O=[N+]([O-])c1ccc(-n2cc(COc3cccc4nc(Cl)ccc34)nn2)cc1,CHEMBL5563817,16.16,1.0,0,,
O=[N+]([O-])c1ccc(-n2cc(COc3ccnc4cc(Cl)ccc34)nn2)cc1,CHEMBL5424800,16.16,2.0,0,,
OC1=C2Sc3cc(Cl)ccc3N=C2CC(c2ccc(Cl)cc2)C1,CHEMBL91050,4.0,1.0,1,,
OC1=C2Sc3cc(Cl)ccc3N=C2CC(c2ccc(Cl)cc2Cl)C1,CHEMBL93881,10.0,1.0,0,,
OC1=C2Sc3cc(Cl)ccc3N=C2CC(c2ccccc2)C1,CHEMBL91234,10.0,1.0,0,,
OC1=C2Sc3cc(Cl)ccc3N=C2CCC1,CHEMBL89985,40.0,1.0,0,,
OC1=C2Sc3cc(F)ccc3N=C2CC(c2ccc(Cl)cc2)C1,CHEMBL90245,5.0,1.0,0,,
OC1=C2Sc3cc(F)ccc3N=C2CC(c2ccc(Cl)cc2Cl)C1,CHEMBL92738,10.0,1.0,0,,
OC1=C2Sc3cc(F)ccc3N=C2CC(c2ccccc2)C1,CHEMBL93466,20.0,1.0,0,,
OC[C@@H](O)/C=N/Nc1nc(Nc2ccccc2)nc(Nc2ccccc2)n1,CHEMBL221471,50.0,1.0,0,,
OC[C@H](O)/C=N/Nc1nc(Nc2ccccc2)nc(N2CCCCC2)n1,CHEMBL222706,54.6,1.0,0,,
Oc1ccc(-c2nccc3ccc(Cc4ccccc4)cc23)cc1,CHEMBL5419296,8.0,1.0,0,,
Oc1ccc(/C=N/CC/N=C/c2ccc(O)cc2O)c(O)c1,CHEMBL374367,20.8,1.0,0,,
Oc1ccc(/C=N/c2ccc(/N=C/c3ccc(O)cc3O)c(Cl)c2)c(O)c1,CHEMBL222870,2.1,1.0,1,,
Oc1ccc(Nc2nc(-c3cccnc3)cs2)cc1,CHEMBL373909,22.5,1.0,0,,
Oc1cccc(/C=N\c2cccc3c(/N=C/c4cccc(O)c4O)cccc23)c1O,CHEMBL222325,4.6,1.0,1,,
Oc1ccccc1C(c1ccc(C(F)(F)F)cc1)N1CCN(c2cnccn2)CC1,CHEMBL5394154,8.5,1.0,0,,
Oc1ccccc1C(c1ccc(Cl)c(Cl)c1)N1CCN(c2cnccn2)CC1,CHEMBL5400091,6.6,1.0,0,,
Oc1ccccc1C(c1ccc(F)c(Cl)c1)N1CCN(c2ccnc3cc(Cl)ccc23)CC1,CHEMBL5630622,8.7,1.0,0,,
Oc1ccccc1C(c1ccc(F)c(F)c1)N1CCN(c2ccnc3cc(Cl)ccc23)CC1,CHEMBL5630614,3.9,1.0,1,,
Oc1ccccc1C(c1ccc(OC(F)(F)F)cc1)N1CCN(c2ccnc3cc(Cl)ccc23)CC1,CHEMBL5630817,4.8,1.0,1,,
Oc1ccccc1C(c1ccc(OC(F)(F)F)cc1)N1CCN(c2cnccn2)CC1,CHEMBL5434874,5.9,1.0,0,,
