chembl_id,smiles,activity_uM,Label,molecular_weight
CHEMBL117767,Cc1ccc2c(c1)C(=O)C(=O)N2Cc1ccccc1-c1ccccc1,9.2,0,327.38
CHEMBL118355,Cc1cc(Cl)cc2c(/N=N/C(=N)S)c(O)[nH]c12,9.4,0,268.73
CHEMBL120254,NC(=S)/N=N/c1c(O)[nH]c2ccc([N+](=O)[O-])cc12,4.4,0,265.25
CHEMBL1215628,CC(C)CN(NC(=O)c1ccc(CN2CCN(C)CC2)cc1)c1nc(C#N)ncc1Br,0.0006,1,486.42
CHEMBL1302947,O=C(Cn1nnc(-c2ccccc2)n1)NNC(=O)c1ccco1,6.67,0,312.29
CHEMBL1584095,Cc1cc(NC(=O)Cn2nnc(-c3ccccc3NC(=O)c3ccccc3F)n2)no1,6.67,0,421.39
CHEMBL181504,CCCC/C(=N\NC(N)=S)c1ccc(Cl)c(Cl)c1,0.62,1,304.25
CHEMBL181752,N/C(S)=N/N=C(\C=C\c1ccccc1)c1ccc(Cl)c(Cl)c1,0.47,1,350.27
CHEMBL182790,N/C(S)=N/N=C(\COc1ccccc1)c1ccc(Cl)c(Cl)c1,0.375,1,354.26
CHEMBL182795,Cc1ccc(/C(=N\N=C(\N)S)c2ccc(Cl)c(Cl)c2)cc1,1.8,0,338.26
CHEMBL183005,N/C(S)=N/N=C(\CCc1ccccc1)c1ccc(Cl)c(Cl)c1,2.6,0,352.29
CHEMBL183396,N/C(S)=N/N=C(/c1ccc(Cl)c(Cl)c1)C1CC1c1ccccc1,0.64,1,364.3
CHEMBL183767,N/C(S)=N/N=C(\Cc1ccccc1)c1ccc(Cl)c(Cl)c1,8.4,0,338.26
CHEMBL191457,O=C(Nc1ccc(Cl)cc1)Nc1ccc(C(=O)/C=C/c2ccccc2)cc1,6.4,0,376.84
CHEMBL191640,O=C(Nc1ccc(Cl)cc1)Nc1ccc(C(=O)/C=C/c2ccc(F)cc2F)cc1,2.6,0,412.82
CHEMBL192149,COc1cc(/C=C/C(=O)c2ccc(NC(=O)Nc3ccc(Cl)cc3)cc2)cc(OC)c1OC,1.8,0,466.92
CHEMBL1939368,CCc1nnc(NC(=O)CCc2ccc(S(=O)(=O)Nc3ccc(F)cc3)cc2)s1,6.65,0,434.52
CHEMBL194821,O=C(Nc1ccc(Cl)cc1)Nc1ccc(C(=O)/C=C/c2ccc(Cl)cc2)cc1,6.3,0,411.29
CHEMBL195381,O=C(Nc1ccc(Cl)cc1)Nc1ccc(C(=O)/C=C/c2ccc3c(c2)OCO3)cc1,6.25,0,420.85
CHEMBL195822,O=C(Nc1ccc(Cl)cc1)Nc1ccc(C(=O)/C=C/c2ccc(Cl)cc2Cl)cc1,2.5,0,445.73
CHEMBL203649,O=S(=O)(c1ccc(-c2ccc(S(=O)(=O)N3CCOCC3)s2)s1)N1CCOCC1,5.4,0,464.61
CHEMBL203801,Cc1cccc(NC(=O)Cn2c(O)c(/N=N/C(=O)C(=O)NCc3ccccc3)c3ccccc32)c1,1.6,0,469.5
CHEMBL203802,Cc1ccc(S(=O)(=O)N(C)C)cc1NS(=O)(=O)c1ccc(-c2ccon2)s1,2.9,0,427.53
CHEMBL203823,CCCc1cc(O)nc(SCC(=O)NCCSCc2ccco2)n1,4.6,0,367.5
CHEMBL203856,Cn1c(O)c(/N=N/C(=O)CCCCC(=O)/N=N/c2c(O)n(C)c3ccccc23)c2ccccc21,6.5,0,460.49
CHEMBL204344,CCCS(=O)(=O)c1cscc1NC(=O)CSCCS(=O)(=O)c1ccc(Cl)cc1,3.4,0,482.07
CHEMBL207102,O=C(CN1C(=O)[C@@H](COC(=O)Nc2ccc(Cl)cc2)N=C(c2ccccc2)c2ccccc21)N[C@H]1CC(=O)OC1O,9.53,0,576.99
CHEMBL207117,COc1ccc(NC(=O)OC[C@H]2N=C(c3ccccc3)c3ccccc3N(CC(=O)N[C@H]3CC(=O)OC3O)C2=O)cc1,8.79,0,572.57
CHEMBL209147,Cc1cc(Cl)ccc1NC(=O)OC[C@H]1N=C(c2ccccc2)c2ccccc2N(CC(=O)N[C@H]2CC(=O)OC2O)C1=O,8.25,0,591.02
CHEMBL221833,Cc1cccc(NC(=O)CCC(=O)N/N=C/c2cc(Cl)ccc2O)c1,7.5,0,359.81
CHEMBL221991,O=C(NCc1ccc(/C=c2/sc3n(c2=O)CCN=3)o1)C(=O)Nc1ccccc1,6.2,0,396.43
CHEMBL222322,C/C(=N\NS(=O)(=O)c1ccc(C)cc1)c1c(O)c2ccccc2oc1=O,3.9,0,372.4
CHEMBL222325,Oc1cccc(/C=N\c2cccc3c(/N=C/c4cccc(O)c4O)cccc23)c1O,4.6,0,398.42
CHEMBL222870,Oc1ccc(/C=N/c2ccc(/N=C/c3ccc(O)cc3O)c(Cl)c2)c(O)c1,2.1,0,382.8
CHEMBL222871,O=C(N/N=C/c1ccc(/C=N/NC(=O)c2ccccc2O)cc1)c1ccccc1O,2.2,0,402.41
CHEMBL2235029,Cc1cc(N/N=C/c2ccc(O[C@H]3O[C@@H]4O[C@@]5(C)CC[C@H]6[C@H](C)CC[C@@H]([C@H]3C)[C@@]46OO5)cc2)c2cccc(C)c2n1,2.28,0,557.69
CHEMBL2235030,Cc1cc(N/N=C/c2ccc(O[C@H]3O[C@@H]4O[C@@]5(C)CC[C@H]6[C@H](C)CC[C@@H]([C@H]3C)[C@@]46OO5)cc2)c2ccc(Cl)c(C)c2n1,0.21,1,592.14
CHEMBL2235031,Cc1cc(N/N=C/c2ccc(O[C@H]3O[C@@H]4O[C@@]5(C)CC[C@H]6[C@H](C)CC[C@@H]([C@H]3C)[C@@]46OO5)cc2)c2cc(Cl)ccc2n1,0.15,1,578.11
CHEMBL2235032,Cc1cc(N/N=C/c2ccc(O[C@H]3O[C@@H]4O[C@@]5(C)CC[C@H]6[C@H](C)CC[C@@H]([C@H]3C)[C@@]46OO5)cc2)c2c(Cl)ccc(C)c2n1,0.39,1,592.14
CHEMBL2235033,CCc1cccc2c(N/N=C/c3ccc(O[C@H]4O[C@@H]5O[C@@]6(C)CC[C@H]7[C@H](C)CC[C@@H]([C@H]4C)[C@@]57OO6)cc3)cc(C)nc12,0.52,1,571.72
CHEMBL2235034,Cc1cc(N/N=C/c2ccc(O[C@H]3O[C@@H]4O[C@@]5(C)CC[C@H]6[C@H](C)CC[C@@H]([C@H]3C)[C@@]46OO5)cc2)c2cccc(F)c2n1,0.28,1,561.65
CHEMBL2235035,Cc1cc(N/N=C/c2ccc(O[C@H]3O[C@@H]4O[C@@]5(C)CC[C@H]6[C@H](C)CC[C@@H]([C@H]3C)[C@@]46OO5)cc2)c2cc(F)ccc2n1,0.67,1,561.65
CHEMBL2235036,Cc1cc(N/N=C/c2ccc(O[C@H]3O[C@@H]4O[C@@]5(C)CC[C@H]6[C@H](C)CC[C@@H]([C@H]3C)[C@@]46OO5)cc2)c2ccccc2n1,0.89,1,543.66
CHEMBL2235037,COc1ccc2nc(C)cc(N/N=C/c3ccc(O[C@H]4O[C@@H]5O[C@@]6(C)CC[C@H]7[C@H](C)CC[C@@H]([C@H]4C)[C@@]57OO6)cc3)c2c1,0.29,1,573.69
CHEMBL2235038,Cc1cc(N/N=C/c2ccc(O[C@H]3O[C@@H]4O[C@@]5(C)CC[C@H]6[C@H](C)CC[C@@H]([C@H]3C)[C@@]46OO5)cc2)c2cc(Br)ccc2n1,0.26,1,
CHEMBL2235039,Cc1cc(N/N=C/c2ccc(O[C@H]3O[C@@H]4O[C@@]5(C)CC[C@H]6[C@H](C)CC[C@@H]([C@H]3C)[C@@]46OO5)cc2)c2ccc(Cl)cc2n1,0.17,1,578.11
CHEMBL2235040,Cc1cc(N/N=C/c2ccc(O[C@H]3O[C@@H]4O[C@@]5(C)CC[C@H]6[C@H](C)CC[C@@H]([C@H]3C)[C@@]46OO5)cc2)c2ccc(C)c(C)c2n1,0.84,1,571.72
CHEMBL2235041,Cc1ccc2nc(C)cc(N/N=C/c3ccc(O[C@H]4O[C@@H]5O[C@@]6(C)CC[C@H]7[C@H](C)CC[C@@H]([C@H]4C)[C@@]57OO6)cc3)c2c1,0.78,1,557.69
CHEMBL223654,O=C(NCCNc1ccnc2cc(Cl)ccc12)N/N=C/c1ccc(O)c(CN2CCCC2)c1O,1.07,0,482.97
CHEMBL224025,O=C(NCCNc1ccnc2cc(Cl)ccc12)N/N=C/c1ccc(O)c(CN2CCN(c3ccnc4cc(Cl)ccc34)CC2)c1O,0.077,1,
CHEMBL224312,NC(=S)N/N=C/c1ccc(O)c(CN2CCN(c3ccnc4cc(Cl)ccc34)CC2)c1O,2.25,0,470.99
CHEMBL224801,O=C(O)c1ccccc1N/N=C/c1ccc(/C=N/Nc2ccccc2C(=O)O)cc1,1.0,0,402.41
CHEMBL224803,O=C(CSc1nnnn1-c1ccccc1)Nc1ccc(-n2cnnn2)cc1,7.5,0,379.41
CHEMBL224893,NC(=S)N/N=C/c1ccc(O)c(CN2CCCC2)c1O,7.925,0,294.38
CHEMBL225184,CN1CCN(Cc2c(O)ccc(/C=N/NC(N)=S)c2O)CC1,14.11,0,
CHEMBL225449,CCN(CC)Cc1c(O)ccc(/C=N/NC(=O)NCCNc2ccnc3cc(Cl)ccc23)c1O,2.6,0,484.99
CHEMBL225646,NC(=S)N/N=C/c1ccc(O)c(CN2CCCCC2)c1O,6.9,0,308.41
CHEMBL2260628,O=C(/C=C/c1nc(CCc2ccccc2)c(CCCO)s1)CSCCCc1ccccc1,6.6,0,465.68
CHEMBL250154,C/C(CC(=O)c1ccc(Cl)c(Cl)c1)=N\NC(=S)NCCNc1ccnc2cc(Cl)ccc12,4.416,0,508.86
CHEMBL3120834,O=C(N[C@H]1CCCC[C@H]1C(=O)N[C@@H](CCc1ccccc1)C(=O)CO)OCc1ccccc1,0.54,1,452.55
CHEMBL3120835,O=C(N[C@@H]1CCCC[C@@H]1C(=O)N[C@@H](CCc1ccccc1)C(=O)CO)OCc1ccccc1,0.91,1,452.55
CHEMBL3120842,O=C(NC1(C(=O)N[C@@H](CCc2ccccc2)C(=O)CO)CCSCC1)OCc1ccccc1,8.22,0,470.59
CHEMBL323975,C/C(=N\N=C(\N)S)c1ccc(-c2ccccc2)cc1,10.0,0,269.37
CHEMBL329532,COc1ccc(C2CC3=Nc4ccc(F)cc4S(=O)(=O)C3=C(O)C2)cc1OC,5.0,0,403.43
CHEMBL329629,CC1(C)CC2=Nc3ccc(Cl)cc3S(=O)(=O)C2=C(O)C1,5.0,0,311.79
CHEMBL373022,O=C(Nc1ccc(Cl)cc1)Nc1ccc(C(=O)/C=C/c2ccccn2)cc1,6.2,0,377.83
CHEMBL374510,N#CCC(=O)N/N=C\c1ccc(OCC(=O)Nc2ccc(F)cc2)cc1,5.7,0,354.34
CHEMBL381093,O=S(=O)(NCc1ccco1)c1ccc2c(c1)Cc1cc(S(=O)(=O)NCc3ccco3)ccc1-2,1.4,0,484.56
CHEMBL387860,CN1CCN(Cc2c(O)ccc(/C=N/NC(=O)NCCNc3ccnc4cc(Cl)ccc34)c2O)CC1,0.38,1,
CHEMBL389869,O=C(NCCNc1ccnc2cc(Cl)ccc12)N/N=C/c1ccc(O)c(CN2CCOCC2)c1O,0.11,1,
CHEMBL414179,O=S1(=O)C2=C(O)CC(c3ccc(Cl)cc3)CC2=Nc2ccc(F)cc21,5.0,0,377.82
CHEMBL4203015,Nc1nc(N)c2cc(NCc3ccc(CCNC(=O)Cc4ccccc4)cc3)ccc2n1,3.9332,0,426.52
CHEMBL4207961,Nc1nc(N)c2cc(NCc3ccc(CCNC(=O)c4ccc5c(c4)OCO5)cc3)ccc2n1,5.1,0,456.51
CHEMBL420812,COc1cccc(C2CC3=Nc4ccc(Cl)cc4SC3=C(O)C2)c1OC,10.0,0,387.89
CHEMBL4209200,Nc1nc(N)c2cc(NCc3ccc(CCNC(=O)c4ccc(Cl)cc4F)cc3)ccc2n1,9.1,0,464.93
CHEMBL4209486,Nc1nc(N)c2cc(NCc3ccc(CCNC(=O)c4cccs4)cc3)ccc2n1,10.0,0,418.53
CHEMBL4211317,Nc1nc(N)c2cc(NCc3ccc(CCNC(=O)CCc4ccccc4)cc3)ccc2n1,4.9,0,440.55
CHEMBL4211543,CC(C)(C)C1CCC(C(=O)NCCc2ccc(CNc3ccc4nc(N)nc(N)c4c3)cc2)CC1,7.4,0,474.65
CHEMBL4212687,Nc1nc(N)c2cc(NCc3ccc(CCNC(=O)C4CCCCC4)cc3)ccc2n1,7.7,0,418.55
CHEMBL4213904,Nc1nc(N)c2cc(NCc3ccc(CCNC(=O)c4ccc([N+](=O)[O-])cc4)cc3)ccc2n1,10.0,0,457.49
CHEMBL4215216,COc1cccc(/C=C(\C#N)c2nc3ccccc3[nH]2)c1,2.21,0,275.31
CHEMBL4218177,COc1cccc(C(=O)NCCc2ccc(CNc3ccc4nc(N)nc(N)c4c3)cc2)c1,6.2,0,442.52
CHEMBL4218788,Nc1nc(N)c2cc(NCc3ccc(CCNC(=O)c4ccc(F)cc4)cc3)ccc2n1,6.7,0,430.49
CHEMBL427253,NC(=S)N/N=C/c1ccc(O)c(CN2CCOCC2)c1O,15.0,0,
CHEMBL433390,COc1ccc(C2CC3=Nc4ccc(Cl)cc4SC3=C(O)C2)cc1,10.0,0,357.86
CHEMBL434743,O=C(NCCNc1ccnc2cc(Cl)ccc12)N/N=C/c1ccc(O)c(CN2CCCCC2)c1O,0.27,1,497.0
CHEMBL436500,COC(=O)c1ccccc1NC(=O)COC(=O)CSc1nc(C)cc(C)n1,6.2,0,389.43
CHEMBL438659,O=C(N/N=C/c1ccccc1O)c1cccc(C(=O)N/N=C/c2ccccc2O)n1,7.0,0,403.4
CHEMBL4444541,COc1ccc(C(=O)Nc2ccc(-c3nnn(CC(=O)Nc4cc(C)on4)n3)cc2)cc1,6.67,0,
CHEMBL4646055,CN1CCCc2cc(CCNC(=O)C(=O)Nc3ccc4c(c3)OCO4)ccc21,12.345,0,
CHEMBL5394407,C[C@H]1[C@H](OC(=O)c2ccc(/C=N/NC(=O)Nc3ccccc3F)cc2)O[C@@H]2O[C@@]3(C)CC[C@H]4[C@H](C)CC[C@@H]1[C@@]24OO3,0.47,1,
CHEMBL5397408,COc1ccc(-c2nccc3ccc(Cc4ccccc4)cc23)cc1,10.0,0,
CHEMBL5398031,CCOc1cccc(NC(=S)N/N=C/c2ccc(O[C@H]3O[C@@H]4O[C@@]5(C)CC[C@H]6[C@H](C)CC[C@@H]([C@H]3C)[C@@]46OO5)cc2)c1,0.52,1,
CHEMBL5399441,Cc1ccc(-n2cc(COc3ccnc4cc(Cl)ccc34)nn2)cc1,38.045,0,
CHEMBL5400936,COC(=O)c1ccc(CNC(=O)[C@@H](Cc2c[nH]c3ccccc23)NC(=O)Oc2ccccc2)cc1,13.3,0,
CHEMBL5402350,Fc1ccc(-n2cc(COc3ccnc4cc(Cl)ccc34)nn2)cc1Cl,225.36,0,
CHEMBL5404412,Fc1ccc(-n2cc(COc3ccnc4cc(Cl)ccc34)nn2)c(F)c1,92.3,0,
CHEMBL5406869,Fc1ccc(-n2cc(COc3ccnc4cc(Cl)ccc34)nn2)cc1F,23.765,0,
CHEMBL5408566,O=C(N[C@H](Cc1c[nH]c2ccccc12)C(=O)NCc1ccccc1)Oc1ccccc1,29.7,0,
CHEMBL5411995,Cc1cc(C)cc(NC(=O)N/N=C/c2ccc(C(=O)O[C@@H]3O[C@@H]4O[C@@]5(C)CC[C@H]6[C@H](C)CC[C@@H]([C@H]3C)[C@@]46OO5)cc2)c1,0.57,1,
CHEMBL5416707,COc1ccc(-n2cc(COc3ccnc4cc(Cl)ccc34)nn2)cc1,38.54,0,
CHEMBL5417979,Fc1ccccc1-n1cc(COc2ccnc3cc(Cl)ccc23)nn1,86.945,0,
CHEMBL5419296,Oc1ccc(-c2nccc3ccc(Cc4ccccc4)cc23)cc1,8.0,0,
CHEMBL5419333,C=CCn1c(SCC(=O)Nc2sc3c(c2C(N)=O)CCC3)nc2scc(-c3cccc([N+](=O)[O-])c3)c2c1=O,11.8,0,
CHEMBL5420093,COc1cc2ccnc(-c3ccc(OCc4ccccc4)cc3)c2cc1OC,3.0,0,
CHEMBL5420927,C[C@H]1[C@H](OC(=O)c2ccc(/C=N/NC(=O)Nc3ccc(F)cc3)cc2)O[C@@H]2O[C@@]3(C)CC[C@H]4[C@H](C)CC[C@@H]1[C@@]24OO3,0.65,1,
CHEMBL5422873,COc1ccc(C(c2ccccc2O)N2CCN(c3cnccn3)CC2)cc1,17.2,0,
CHEMBL5424376,C=CCn1c(SCC(=O)Nc2sc3c(c2C(N)=O)CCC3)nc2scc(-c3ccc(Cl)cc3)c2c1=O,2.95,0,
CHEMBL5424800,O=[N+]([O-])c1ccc(-n2cc(COc3ccnc4cc(Cl)ccc34)nn2)cc1,33.02,0,
CHEMBL5425369,CC(=O)Nc1ccc(S(=O)(=O)N2CCN(C(=O)c3cc(-c4ccc(OC(F)(F)F)cc4)nc4ccccc34)CC2)cc1,2.64,0,
CHEMBL5434197,NC(=O)c1c(NC(=O)CSc2nc3scc(-c4ccccc4)c3c(=O)n2C2CCCCC2)sc2c1CCC2,1.46,0,
CHEMBL5436591,CCOc1ccc(NC(=O)N/N=C/c2ccc(C(=O)O[C@@H]3O[C@@H]4O[C@@]5(C)CC[C@H]6[C@H](C)CC[C@@H]([C@H]3C)[C@@]46OO5)cc2)cc1,0.29,1,
CHEMBL5437576,COc1cc(OC)c(/C=C2\SC(=O)N(CC(=O)N3CCN(c4ccccc4)CC3)C2=O)c(OC)c1,12.975,0,
CHEMBL5438601,O=C(N[C@H](Cc1c[nH]c2ccccc12)C(=O)NCc1ccc([N+](=O)[O-])cc1)Oc1ccccc1,10.0,0,
CHEMBL5439062,COc1ccc(-c2cc(C(=O)N3CCN(S(=O)(=O)c4ccc(NC(C)=O)cc4)CC3)c3ccccc3n2)cc1,2.14,0,
CHEMBL549325,O=C(CCc1ccc(S(=O)(=O)NCCc2ccccc2)cc1)Nc1ccc2c(c1)OCCO2,54.2,0,
CHEMBL559434,C=CCn1c(SCC(=O)Nc2sc3c(c2C(N)=O)CCC3)nc2scc(-c3ccccc3)c2c1=O,2.81,0,522.68
CHEMBL90245,OC1=C2Sc3cc(F)ccc3N=C2CC(c2ccc(Cl)cc2)C1,5.0,0,345.83
CHEMBL91049,CC1(C)CC2=Nc3ccc(F)cc3S(=O)(=O)C2=C(O)C1,5.0,0,295.34
CHEMBL91050,OC1=C2Sc3cc(Cl)ccc3N=C2CC(c2ccc(Cl)cc2)C1,4.0,0,362.28
CHEMBL91234,OC1=C2Sc3cc(Cl)ccc3N=C2CC(c2ccccc2)C1,10.0,0,327.84
CHEMBL91856,O=S1(=O)C2=C(O)CC(c3ccc(Cl)cc3)CC2=Nc2ccc(Cl)cc21,4.0,0,394.28
CHEMBL92738,OC1=C2Sc3cc(F)ccc3N=C2CC(c2ccc(Cl)cc2Cl)C1,10.0,0,380.27
CHEMBL92805,O=S1(=O)C2=C(O)CC(c3ccccc3)CC2=Nc2ccc(Cl)cc21,4.0,0,359.83
CHEMBL92956,COc1cccc(C2CC3=Nc4ccc(Cl)cc4S(=O)(=O)C3=C(O)C2)c1OC,4.0,0,419.89
CHEMBL93341,COc1cccc(C2CC3=Nc4ccc(F)cc4S(=O)(=O)C3=C(O)C2)c1,5.0,0,373.41
CHEMBL93881,OC1=C2Sc3cc(Cl)ccc3N=C2CC(c2ccc(Cl)cc2Cl)C1,10.0,0,396.73
