Molecule ChEMBL ID,smiles_std,in_AD_maccs,ad_dist_maccs,maccs_model_top1,maccs_prob_top1,maccs_pred_top1,maccs_top3_votes,in_AD_mordred,ad_dist_mordred,mordred_model_top1,mordred_prob_top1,mordred_pred_top1,mordred_top3_votes,in_AD_ambos,activo_ambos_top1,candidato_MoA_FP2,prob_media
CHEMBL1793947,CCCC(=O)CCCCC[C@@H]1NC(=O)[C@H]2CCCCN2CC(=O)[C@H]([C@@H](C)CC)NC(=O)[C@H](Cc2cn(OC)c3ccccc23)NC1=O,True,12.428678992270196,SVM_RBF,0.9037606711064013,1,3,True,12.389524407226395,KNeighbors,1.0,1,1,True,True,True,0.9518803355532006
CHEMBL3601447,CC(C)C[C@H](NC(=O)C1CCC(=O)CC1)C(=O)N[C@H](/C=C/S(=O)(=O)c1ccccc1)CCc1ccccc1,True,9.420889705441336,SVM_RBF,0.9272177648246427,1,3,True,7.010143073301106,KNeighbors,0.8571428571428571,1,3,True,True,True,0.8921803109837498
CHEMBL1793823,CC[C@H](C)[C@@H]1NC(=O)[C@H](Cc2cn(OC)c3ccccc23)NC(=O)[C@H](CCCCCC(=O)C(C)F)NC(=O)[C@H]2CCCCN2CC1=O,True,13.186743534160778,SVM_RBF,0.9163716665612864,1,3,True,12.315976148325253,KNeighbors,0.8571428571428571,1,2,True,True,True,0.8867572618520718
CHEMBL1928848,CCCCOc1c(N[C@@H](CC(C)C)C(=O)NN(CCc2ccccc2)C(=O)/C=C/S(=O)(=O)c2ccccc2)c(=O)c1=O,True,12.50463720859741,SVM_RBF,0.7716239622829497,1,3,True,13.38789654718261,KNeighbors,1.0,1,3,True,True,True,0.8858119811414749
CHEMBL1793937,CC[C@H](C)[C@@H]1NC(=O)[C@H](Cc2cn(OC)c3ccccc23)NC(=O)[C@H](CCCCCC=O)NC(=O)[C@H]2CCCCN2CC1=O,True,12.428678992270196,SVM_RBF,0.9037606711064013,1,3,True,12.070419106603772,KNeighbors,0.8571428571428571,1,1,True,True,True,0.8804517641246292
CHEMBL1793946,CC[C@H](C)[C@@H]1NC(=O)[C@H](Cc2cn(OC)c3ccccc23)NC(=O)[C@H](CCCCCC(=O)C(C)C)NC(=O)[C@H]2CCCCN2CC1=O,True,12.455008182174051,SVM_RBF,0.8991457546261808,1,3,True,12.012674617317247,KNeighbors,0.8571428571428571,1,1,True,True,True,0.878144305884519
CHEMBL1793824,CC[C@H](C)[C@@H]1NC(=O)[C@H](Cc2cn(OC)c3ccccc23)NC(=O)[C@H](CCCCCC(=O)C(C)=O)NC(=O)[C@H]2CCCCN2CC1=O,True,12.337772430375145,SVM_RBF,0.897449932058576,1,3,True,12.323642589083171,KNeighbors,0.8571428571428571,1,1,True,True,True,0.8772963946007166
CHEMBL1793938,CC[C@H](C)[C@@H]1NC(=O)[C@H](Cc2cn(OC)c3ccccc23)NC(=O)[C@H](CCCCCC(C)=O)NC(=O)[C@H]2CCCCN2CC1=O,True,12.471655440621843,SVM_RBF,0.8887137209270509,1,3,True,11.688376971693646,KNeighbors,0.8571428571428571,1,1,True,True,True,0.872928289034954
CHEMBL1793810,CCC(=O)CCCCC[C@@H]1NC(=O)[C@H]2CCCCN2CC(=O)[C@H]([C@@H](C)CC)NC(=O)[C@H](Cc2cn(OC)c3ccccc23)NC1=O,True,12.471655440621843,SVM_RBF,0.8887137209270509,1,3,True,12.137515302527834,KNeighbors,0.8571428571428571,1,1,True,True,True,0.872928289034954
CHEMBL1793819,CC[C@H](C)[C@@H]1NC(=O)[C@H](Cc2cn(OC)c3ccccc23)NC(=O)[C@H](CCCCCCC(=O)OC)NC(=O)[C@H]2CCCCN2CC1=O,True,12.664292024622261,SVM_RBF,0.8762829263563349,1,3,True,11.967029307444157,KNeighbors,0.8571428571428571,1,1,True,True,True,0.866712891749596
CHEMBL1793816,CC[C@H](C)[C@@H]1NC(=O)[C@H](Cc2cn(OC)c3ccccc23)NC(=O)[C@H](CCCCCC(=O)OC)NC(=O)[C@H]2CCCCN2CC1=O,True,12.664292024622261,SVM_RBF,0.8762829263563349,1,3,True,12.1673182920012,KNeighbors,0.8571428571428571,1,1,True,True,True,0.866712891749596
CHEMBL1793821,CC[C@H](C)[C@@H]1NC(=O)[C@H](Cc2cn(OC)c3ccccc23)NC(=O)[C@H](CCCCCCC(=O)O)NC(=O)[C@H]2CCCCN2CC1=O,True,12.660573682887286,SVM_RBF,0.8732080372724724,1,3,True,12.16171605767172,KNeighbors,0.8571428571428571,1,1,True,True,True,0.8651754472076647
CHEMBL1793827,CC[C@H](C)[C@@H]1NC(=O)[C@H](Cc2cn(OC)c3ccccc23)NC(=O)[C@H](CCCCCC(=O)O)NC(=O)[C@H]2CCCCN2CC1=O,True,12.660573682887286,SVM_RBF,0.8732080372724724,1,3,True,12.212287689614776,KNeighbors,0.8571428571428571,1,1,True,True,True,0.8651754472076647
CHEMBL1793944,CCC(CCCCC[C@@H]1NC(=O)[C@H]2CCCCN2CC(=O)[C@H]([C@@H](C)CC)NC(=O)[C@H](Cc2cn(OC)c3ccccc23)NC1=O)SC(C)=O,True,12.82296998703084,SVM_RBF,0.8649796378018908,1,3,True,12.669317385177147,KNeighbors,0.8571428571428571,1,1,True,True,True,0.861061247472374
CHEMBL1793817,CC[C@H](C)[C@@H]1NC(=O)[C@H](Cc2cn(OC)c3ccccc23)NC(=O)[C@H](CCCCNC(C)=O)NC(=O)[C@H]2CCCCN2CC1=O,True,12.330929908830552,SVM_RBF,0.8551126607436288,1,3,True,11.759931904945983,KNeighbors,0.8571428571428571,1,1,True,True,True,0.856127758943243
CHEMBL1928844,COc1c(N[C@@H](CC(C)C)C(=O)NN(Cc2ccccc2)C(=O)/C=C/S(=O)(=O)c2ccccc2)c(=O)c1=O,True,11.86604557674622,SVM_RBF,0.8482574232840985,1,3,True,12.466903343794304,KNeighbors,0.8571428571428571,1,3,True,True,True,0.8527001402134777
CHEMBL369924,O=C(Nc1ccccc1)Nc1cccc(C(=O)/C=C/c2ccc(Cl)cc2Cl)c1,True,4.036414833914297,SVM_RBF,0.836534388517159,1,3,True,5.831084987666232,KNeighbors,0.8571428571428571,1,2,True,True,True,0.846838622830008
CHEMBL2349165,CC[C@H](C)[C@H](NC(=O)[C@@H]1CCC[C@H]1[C@@H]1C/C=C/C=C(/C#N)[C@H](O)[C@@H](C)C[C@H](C)C[C@H](C)C[C@H](C)[C@@H](O)CC(=O)O1)C(=O)O,True,12.026490772376752,SVM_RBF,0.6701677274939369,1,3,True,12.332133512182134,KNeighbors,1.0,1,3,True,True,True,0.8350838637469684
CHEMBL429648,O=C(Nc1ccc(C(=O)/C=C/c2ccc(F)cc2F)cc1)NS(=O)(=O)c1ccc(Cl)cc1,True,12.667375580230956,SVM_RBF,0.7978351218919086,1,3,True,12.560876744669537,KNeighbors,0.8571428571428571,1,2,True,True,True,0.8274889895173829
CHEMBL1928659,CC(C)C[C@H](NC(=O)N1CCOCC1)C(=O)NN(CCc1ccccc1)C(=O)/C=C/S(=O)(=O)c1ccccc1,True,8.35165872260487,SVM_RBF,0.7922053339498433,1,3,True,8.868956404826132,KNeighbors,0.8571428571428571,1,3,True,True,True,0.8246740955463502
CHEMBL1928846,COc1c(N[C@@H](CC(C)C)C(=O)NN(CCc2ccccc2)C(=O)/C=C/S(C)(=O)=O)c(=O)c1=O,True,12.552170721998849,SVM_RBF,0.7900986204241431,1,3,True,12.304824356800342,KNeighbors,0.8571428571428571,1,3,True,True,True,0.8236207387835002
CHEMBL1928845,CCCCOc1c(N[C@@H](CC(C)C)C(=O)NN(Cc2ccccc2)C(=O)/C=C/S(=O)(=O)c2ccccc2)c(=O)c1=O,True,12.50463720859741,SVM_RBF,0.7716239622829497,1,3,True,13.60367228159455,KNeighbors,0.8571428571428571,1,3,True,True,True,0.8143834097129035
CHEMBL192261,O=C(Nc1ccccc1)Nc1cccc(C(=O)/C=C/c2ccc(Br)cc2)c1,True,9.458630752314571,SVM_RBF,0.7687551185117335,1,3,True,10.36562731686299,KNeighbors,0.8571428571428571,1,2,True,True,True,0.8129489878272953
CHEMBL1770672,C[C@H]1[C@@H](OC(=O)CCNCCCNc2ccnc3cc(Cl)ccc23)O[C@@H]2O[C@@]3(C)CC[C@H]4[C@H](C)CC[C@@H]1[C@@]24OO3,True,10.65898346040165,SVM_RBF,0.6256886534884984,1,3,True,10.42560323997515,KNeighbors,1.0,1,3,True,True,True,0.8128443267442492
CHEMBL5289729,CC(C)C1=C[C@H]2OC3(CCC(NCCNc4cc(Cl)cc5cccnc45)CC3)OO[C@@]2(C)CC1,True,13.340671659873262,SVM_RBF,0.6181504546916258,1,3,True,14.359619933451356,KNeighbors,1.0,1,1,True,True,True,0.8090752273458128
CHEMBL5281458,C[C@H]1[C@@H](OCCNCCCNc2ccnc3cc(Cl)ccc23)O[C@@H]2O[C@]3(C)CC[C@H]4[C@H](C)CC[C@@H]1[C@@]24OO3,True,10.603297282830347,SVM_RBF,0.6076767808161665,1,3,True,9.052888330339188,KNeighbors,1.0,1,3,True,True,True,0.8038383904080832
CHEMBL1682249,C[C@H]1[C@@H](OCCNCCCNc2ccnc3cc(Cl)ccc23)O[C@@H]2O[C@@]3(C)CC[C@H]4[C@H](C)CC[C@@H]1[C@@]24OO3,True,10.603297282830347,SVM_RBF,0.6076767808161665,1,3,True,9.052888330339188,KNeighbors,1.0,1,3,True,True,True,0.8038383904080832
CHEMBL1793807,CCCCCCCC[C@@H]1NC(=O)[C@H]2CCCCN2CC(=O)[C@H]([C@@H](C)CC)NC(=O)[C@H](Cc2cn(OC)c3ccccc23)NC1=O,True,12.471655440621843,SVM_RBF,0.8887137209270509,1,3,True,12.866198857051444,KNeighbors,0.7142857142857143,1,1,True,True,True,0.8014997176063826
CHEMBL1793940,CC[C@H](C)[C@@H]1NC(=O)[C@H](Cc2cn(OC)c3ccccc23)NC(=O)[C@H](CCCCCSC)NC(=O)[C@H]2CCCCN2CC1=O,True,12.643523090266163,SVM_RBF,0.886108623441649,1,3,True,12.79264340334191,KNeighbors,0.7142857142857143,1,1,True,True,True,0.8001971688636816
CHEMBL1172285,C[C@H]1[C@H](n2cc(-c3cccc(Cl)c3)nn2)O[C@@H]2O[C@]3(C)CC[C@H]4[C@H](C)CC[C@@H]1[C@@]24OO3,True,11.339408769491177,SVM_RBF,0.5942931610327177,1,2,True,8.830843001210084,KNeighbors,1.0,1,1,True,True,True,0.7971465805163589
CHEMBL5570647,C[C@H]1[C@@H](n2cc(-c3cccc(Cl)c3)nn2)O[C@@H]2O[C@]3(C)CC[C@H]4[C@H](C)CC[C@@H]1[C@@]24OO3,True,11.339408769491177,SVM_RBF,0.5942931610327177,1,2,True,8.830843001210084,KNeighbors,1.0,1,1,True,True,True,0.7971465805163589
CHEMBL1171354,C[C@@H]1[C@@H](n2cc(-c3cccc(Cl)c3)nn2)O[C@@H]2O[C@]3(C)CC[C@H]4[C@H](C)CC[C@@H]1[C@@]24OO3,True,11.339408769491177,SVM_RBF,0.5942931610327177,1,2,True,8.830843001210084,KNeighbors,1.0,1,1,True,True,True,0.7971465805163589
CHEMBL269513,CC(C)C1=C[C@H]2OC3(CCC(NCCNc4ccnc5cc(Cl)ccc45)CC3)OO[C@@]2(C)CC1,True,13.308741098474215,SVM_RBF,0.5942769305956591,1,3,True,14.463681389140826,KNeighbors,1.0,1,1,True,True,True,0.7971384652978295
CHEMBL1171355,C[C@H]1[C@H](n2nncc2-c2cccc(Cl)c2)O[C@@H]2O[C@]3(C)CC[C@H]4[C@H](C)CC[C@@H]1[C@@]24OO3,True,11.446929273624047,SVM_RBF,0.5929919281578182,1,2,True,8.681430601308543,KNeighbors,1.0,1,1,True,True,True,0.7964959640789091
CHEMBL1793822,CC[C@H](C)[C@@H]1NC(=O)[C@H](Cc2cn(OC)c3ccccc23)NC(=O)[C@H](CCCCCC(=O)C(C)O)NC(=O)[C@H]2CCCCN2CC1=O,True,12.379316766678583,SVM_RBF,0.8782911423535338,1,3,True,12.144240570607371,KNeighbors,0.7142857142857143,1,1,True,True,True,0.7962884283196241
CHEMBL1793936,CC[C@H](C)[C@@H]1NC(=O)[C@H](Cc2cn(OC)c3ccccc23)NC(=O)[C@H](CCCCC(=O)OC)NC(=O)[C@H]2CCCCN2CC1=O,True,12.664292024622261,SVM_RBF,0.8762829263563349,1,3,True,12.327292339914838,KNeighbors,0.7142857142857143,1,1,True,True,True,0.7952843203210246
CHEMBL4542566,COc1cccc(C(C)(C)NC[C@@H](O)[C@H](Cc2ccccc2)NC(=O)c2cc(C(=O)NCCN(C)C)cc(N3CCCCC3)c2)c1,True,10.85505568440584,SVM_RBF,0.7223729840450382,1,3,True,11.603119866831797,KNeighbors,0.8571428571428571,1,2,True,True,True,0.7897579205939477
CHEMBL1793939,CC[C@H](C)[C@@H]1NC(=O)[C@H](Cc2cn(OC)c3ccccc23)NC(=O)[C@H](CCCCSC(C)=O)NC(=O)[C@H]2CCCCN2CC1=O,True,12.82296998703084,SVM_RBF,0.8649796378018908,1,3,True,11.9655338109122,KNeighbors,0.7142857142857143,1,1,True,True,True,0.7896326760438026
CHEMBL1793945,CC[C@H](C)[C@@H]1NC(=O)[C@H](Cc2cn(OC)c3ccccc23)NC(=O)[C@H](CCCCCSC(C)=O)NC(=O)[C@H]2CCCCN2CC1=O,True,12.82296998703084,SVM_RBF,0.8649796378018908,1,3,True,11.942494147489063,KNeighbors,0.7142857142857143,1,1,True,True,True,0.7896326760438026
CHEMBL4068112,CCC(C)[C@@H]1NC(=O)[C@@H]2[C@H](CCN2C(=O)[C@H](Cc2c[nH]c3ccccc23)N(C)C)Oc2ccc(OC)c(c2)/C=C\NC1=O,True,9.862193381355526,SVM_RBF,0.5713742312065543,1,3,True,10.743519936763944,KNeighbors,1.0,1,2,True,True,True,0.7856871156032772
CHEMBL4090614,COc1cccc(-n2c(C(CC(C)C)NS(=O)(=O)c3ccc(N)cc3)nc3ccccc3c2=O)c1,True,12.293241814861194,SVM_RBF,0.711130767574891,1,3,True,14.105327601541617,KNeighbors,0.8571428571428571,1,1,True,True,True,0.7841368123588741
CHEMBL4100781,COc1ccc(-n2c(C(CC(C)C)NS(=O)(=O)c3ccc(N)cc3)nc3ccccc3c2=O)cc1,True,12.293241814861194,SVM_RBF,0.711130767574891,1,3,True,13.03175309559606,KNeighbors,0.8571428571428571,1,1,True,True,True,0.7841368123588741
CHEMBL4126850,CC[C@H](C)[C@H](N)C(=O)N[C@@H](Cc1ccccc1)[C@H](O)CN1CCN(C[C@@H](O)[C@H](Cc2ccccc2)NC(=O)[C@@H](N)[C@@H](C)CC)CC1,True,10.269727243635055,SVM_RBF,0.7083334458377908,1,3,True,11.475106690280162,KNeighbors,0.8571428571428571,1,3,True,True,True,0.782738151490324
CHEMBL189862,CC(=O)c1ccc(NC(=O)Nc2ccc(N(C)c3ccnc(Nc4cccc(CS(C)(=O)=O)c4)n3)cc2)cc1,True,12.98878170605747,SVM_RBF,0.69863766686539,1,3,True,13.030786818261399,KNeighbors,0.8571428571428571,1,2,True,True,True,0.7778902620041235
CHEMBL1761034,CN1CCN(C(=O)N[C@H](C(=O)Nc2ccc(Cl)cc2C(=O)c2ccccc2)c2ccccc2)CC1,True,10.743419492910366,SVM_RBF,0.696266618325738,1,3,True,9.428110834623368,KNeighbors,0.8571428571428571,1,1,True,True,True,0.7767047377342975
CHEMBL1761033,CN1CCN(C(=O)N[C@@H](C(=O)Nc2ccc(Cl)cc2C(=O)c2ccccc2)c2ccccc2)CC1,True,10.743419492910366,SVM_RBF,0.696266618325738,1,3,True,9.428110834623368,KNeighbors,0.8571428571428571,1,1,True,True,True,0.7767047377342975
CHEMBL4442495,COCCN(CCOC)C(=O)c1cc(C(=O)N[C@@H](Cc2ccccc2)[C@H](O)CNC(C)(C)c2cccc(OC)c2)cc(N2CCCCC2)c1,True,11.188483173533438,SVM_RBF,0.6942288574584567,1,3,True,11.947464371962344,KNeighbors,0.8571428571428571,1,1,True,True,True,0.7756858573006569
CHEMBL4456076,CC(CCNc1ccnc2cc(Cl)ccc12)NCCO[C@H]1O[C@@H]2O[C@@]3(C)CC[C@H]4[C@H](C)CC[C@@H]([C@H]1C)[C@@]24OO3,True,10.384607368826149,SVM_RBF,0.5505529567790041,1,3,True,8.80765380592848,KNeighbors,1.0,1,3,True,True,True,0.7752764783895021
CHEMBL4993810,O=C(Nc1ccc(Cl)c(Cl)c1)Nc1ccc(Cl)cc1NC(=O)Nc1ccc(Cl)c(Cl)c1,True,6.239748919811261,SVM_RBF,0.8301657555353287,1,3,True,13.27108978449063,KNeighbors,0.7142857142857143,1,2,True,True,True,0.7722257349105215
CHEMBL4062650,COc1ccccc1-n1c(C(CC(C)C)NS(=O)(=O)c2ccc(N)cc2)nc2ccccc2c1=O,True,12.33074089441141,SVM_RBF,0.6854607540573744,1,3,True,14.388534245227493,KNeighbors,0.8571428571428571,1,2,True,True,True,0.7713018056001157
CHEMBL2368244,C[C@H]1[C@H](Oc2ccc(-c3cccc4ccccc34)cc2)O[C@@H]2O[C@]3(C)CC[C@H]4[C@H](C)CC[C@@H]1[C@@]24OO3,True,11.808659172257496,SVM_RBF,0.5400346964686932,1,2,True,7.752359419723693,KNeighbors,1.0,1,3,True,True,True,0.7700173482343466
CHEMBL3221880,C[C@@H]1CC[C@H]2[C@@H](C)C(Oc3ccc(-c4cccc5ccccc45)cc3)O[C@@H]3O[C@@]4(C)CC[C@@H]1[C@]32OO4,True,11.808659172257496,SVM_RBF,0.5400346964686932,1,2,True,7.752359419723783,KNeighbors,1.0,1,3,True,True,True,0.7700173482343466
CHEMBL2368250,C[C@H]1[C@@H](Oc2ccc(-c3cccc4ccccc34)cc2)O[C@@H]2O[C@]3(C)CC[C@H]4[C@H](C)CC[C@@H]1[C@@]24OO3,True,11.808659172257496,SVM_RBF,0.5400346964686932,1,2,True,7.752359419723693,KNeighbors,1.0,1,3,True,True,True,0.7700173482343466
CHEMBL1770671,C[C@H]1[C@@H](OC(=O)CCNCCNc2ccnc3cc(Cl)ccc23)O[C@@H]2O[C@@]3(C)CC[C@H]4[C@H](C)CC[C@@H]1[C@@]24OO3,True,10.646529288232324,SVM_RBF,0.5395254774768419,1,3,True,8.988362424638174,KNeighbors,1.0,1,3,True,True,True,0.7697627387384209
CHEMBL4788771,C[C@@H]1CC[C@H]2[C@@H](C)C(OCCN(CCCNc3ccnc4cc(Cl)ccc34)CCOC3O[C@@H]4O[C@@]5(C)CC[C@H]6[C@H](C)CC[C@@H]([C@H]3C)[C@@]46OO5)O[C@@H]3O[C@@]4(C)CC[C@@H]1[C@]32OO4,True,10.518221881010195,SVM_RBF,0.5366494452161703,1,3,True,13.21729165626694,KNeighbors,1.0,1,3,True,True,True,0.7683247226080852
CHEMBL1288390,C[C@H]1[C@@H](OCCN(CCCNc2ccnc3cc(Cl)ccc23)CCO[C@H]2O[C@@H]3O[C@]4(C)CC[C@H]5[C@H](C)CC[C@@H]([C@H]2C)[C@@]35OO4)O[C@@H]2O[C@]3(C)CC[C@H]4[C@H](C)CC[C@@H]1[C@@]24OO3,True,10.518221881010195,SVM_RBF,0.5366494452161703,1,3,True,13.217291656266678,KNeighbors,1.0,1,3,True,True,True,0.7683247226080852
CHEMBL1793941,CCC(=O)C1OC1CCC[C@@H]1NC(=O)[C@H]2CCCCN2CC(=O)[C@H]([C@@H](C)CC)NC(=O)[C@H](Cc2cn(OC)c3ccccc23)NC1=O,True,12.687138774230192,SVM_RBF,0.9641933961767698,1,3,True,13.415649435420159,KNeighbors,0.5714285714285714,1,1,True,True,True,0.7678109838026705
CHEMBL1793812,CC[C@H](C)[C@@H]1NC(=O)[C@H](Cc2cn(OC)c3ccccc23)NC(=O)[C@H](CCCCCC(=O)C2CO2)NC(=O)[C@H]2CCCCN2CC1=O,True,12.512816815213943,SVM_RBF,0.9590741286069117,1,3,True,13.50713226014659,KNeighbors,0.5714285714285714,1,1,True,True,True,0.7652513500177416
CHEMBL5291467,C[C@H]1[C@@H](OC(=O)c2ccc3[nH]cnc3c2)O[C@@H]2O[C@]3(C)CC[C@H]4[C@H](C)CC[C@@H]1[C@@]24OO3,True,9.928003730114142,SVM_RBF,0.8152353296792678,1,3,True,9.269001268359892,KNeighbors,0.7142857142857143,1,1,True,True,True,0.7647605219824911
CHEMBL5279124,C[C@H]1[C@@H](OCCNCCNc2ccnc3cc(Cl)ccc23)O[C@@H]2O[C@]3(C)CC[C@H]4[C@H](C)CC[C@@H]1[C@@]24OO3,True,10.6401398884499,SVM_RBF,0.5223646444492724,1,3,True,8.848121293242267,KNeighbors,1.0,1,3,True,True,True,0.7611823222246362
CHEMBL3600962,C[C@H]1[C@H](OCCNCCNc2ccnc3cc(Cl)ccc23)O[C@@H]2O[C@@]3(C)CC[C@H]4[C@H](C)CC[C@@H]1[C@@]24OO3,True,10.6401398884499,SVM_RBF,0.5223646444492724,1,3,True,8.848121293242267,KNeighbors,1.0,1,3,True,True,True,0.7611823222246362
CHEMBL1682247,C[C@H]1[C@@H](OCCNCCNc2ccnc3cc(Cl)ccc23)O[C@@H]2O[C@@]3(C)CC[C@H]4[C@H](C)CC[C@@H]1[C@@]24OO3,True,10.6401398884499,SVM_RBF,0.5223646444492724,1,3,True,8.848121293242267,KNeighbors,1.0,1,3,True,True,True,0.7611823222246362
CHEMBL611024,C[C@H]1[C@@H](Oc2cccc(N[C@@H]3[C@H](C)O[C@@H]4O[C@@]5(C)CC[C@H]6[C@H](C)CC[C@@H]3[C@@]46OO5)c2)O[C@@H]2O[C@@]3(C)CC[C@H]4[C@H](C)CC[C@@H]1[C@@]24OO3,True,9.023687610638364,SVM_RBF,0.5203422200337268,1,3,True,11.177769283113168,KNeighbors,1.0,1,3,True,True,True,0.7601711100168633
CHEMBL570030,CO[C@@H]1[C@H](OC(=O)N[C@@H](C(=O)NCCCN(C)C)C(C)C)CC[C@]2(CO2)[C@H]1[C@@]1(C)O[C@@H]1CC=C(C)C,True,13.306377485947507,SVM_RBF,0.5161629395301228,1,2,True,14.82768943309027,KNeighbors,1.0,1,2,True,True,True,0.7580814697650614
CHEMBL3221879,C[C@@H]1CC[C@H]2[C@@H](C)C(Oc3ccc(Cl)cc3)O[C@@H]3O[C@@]4(C)CC[C@@H]1[C@]32OO4,True,12.426111773739708,SVM_RBF,0.5152359952165878,1,3,True,9.24629311020748,KNeighbors,1.0,1,1,True,True,True,0.757617997608294
CHEMBL522484,C[C@H]1[C@@H](CCNCCCNc2ccnc3cc(Cl)ccc23)O[C@@H]2O[C@@]3(C)CC[C@H]4[C@H](C)CC[C@@H]1[C@@]24OO3,True,11.073199787044931,SVM_RBF,0.5108723317092396,1,3,True,8.479866985331492,KNeighbors,1.0,1,3,True,True,True,0.7554361658546198
CHEMBL2041993,CS(=O)(=O)c1ccc(-c2cnc(N)c(-c3ccc(S(C)(=O)=O)cc3)c2)cc1,True,12.811359188980251,SVM_RBF,0.5075762780354367,1,2,True,14.729247895727923,KNeighbors,1.0,1,1,True,True,True,0.7537881390177184
CHEMBL581358,CCCCOc1ccc(C(=O)C(CCC(CNC(C)(C)C)C(=O)c2ccc(OCCCC)cc2)CNC(C)(C)C)cc1,True,11.737731523683147,SVM_RBF,0.649665384775959,1,2,True,13.356028842645191,KNeighbors,0.8571428571428571,1,2,True,True,True,0.753404120959408
CHEMBL5284641,C[C@@H]1CC[C@H]2[C@@H](C)C(OCCC(CCCNc3ccnc4ccc(Cl)cc34)CCOC3O[C@@H]4O[C@]5(C)CC[C@@H]6[C@@H](C)CC[C@H]([C@@H]3C)[C@]46OO5)O[C@H]3O[C@@]4(C)CC[C@@H]1[C@]32OO4,True,9.48904693612565,SVM_RBF,0.5,1,3,True,13.464941475642481,KNeighbors,1.0,1,3,True,True,True,0.75
CHEMBL1770673,C[C@H]1[C@@H](OC(=O)CCNCCCCNc2ccnc3cc(Cl)ccc23)O[C@@H]2O[C@@]3(C)CC[C@H]4[C@H](C)CC[C@@H]1[C@@]24OO3,True,10.556754025164427,SVM_RBF,0.5,1,3,True,13.095178557425438,KNeighbors,1.0,1,3,True,True,True,0.75
CHEMBL88744,C[C@@H]1CC[C@H]2[C@](C)(Br)[C@@H](Nc3ncccn3)O[C@@H]3O[C@@]4(C)CC[C@@H]1[C@]32OO4,True,12.83091076854769,SVM_RBF,0.5,1,2,True,14.619218114000665,KNeighbors,1.0,1,1,True,True,True,0.75
CHEMBL4642140,C[C@@H]1CC[C@H]2[C@](C)(Br)[C@@H](Nc3ncccn3)O[C@@H]3O[C@]4(C)CC[C@@H]1[C@]32OO4,True,12.83091076854769,SVM_RBF,0.5,1,2,True,14.619218114000665,KNeighbors,1.0,1,1,True,True,True,0.75
CHEMBL5268321,C[C@@H]1CC[C@@H]2[C@]34OO[C@@](C)(CC[C@@H]13)O[C@H]4OC(Nc1ncccn1)[C@@]2(C)Br,True,12.83091076854769,SVM_RBF,0.5,1,2,True,14.619218114000068,KNeighbors,1.0,1,1,True,True,True,0.75
CHEMBL1793826,CCC(=O)C(F)CCCC[C@@H]1NC(=O)[C@H]2CCCCN2CC(=O)[C@H]([C@@H](C)CC)NC(=O)[C@H](Cc2cn(OC)c3ccccc23)NC1=O,True,13.14527351636599,SVM_RBF,0.9279086685301078,1,3,True,13.03516647605979,KNeighbors,0.5714285714285714,1,1,True,True,True,0.7496686199793396
CHEMBL1233097,N=C(N)c1ccc(NC(=O)Nc2ccc(Oc3ccccc3)cc2)cc1,True,9.321964506843083,SVM_RBF,0.6279726118071352,1,3,True,13.715056980670672,KNeighbors,0.8571428571428571,1,1,True,True,True,0.7425577344749961
CHEMBL2371003,CC[C@H](C)[C@@H]1NC(=O)[C@H](Cc2cn(OC)c3ccccc23)NC(=O)[C@H](CCCCCC(=O)C(C)F)NC(=O)[C@H]2CCCCN2C1=O,True,13.351830111278497,SVM_RBF,0.9129198778246392,1,3,True,13.606446056638188,KNeighbors,0.5714285714285714,1,1,True,True,True,0.7421742246266053
CHEMBL4086037,CCCCCC(=O)N[C@@H](Cc1ccncc1)C(=O)N[C@@H](CCCC)C(=O)N[C@@H](Cc1ccccc1)C(=O)[C@@]1(C)CO1,True,11.094204274074967,SVM_RBF,0.76986017325625,1,3,True,10.976803892556145,KNeighbors,0.7142857142857143,1,3,True,True,True,0.7420729437709821
CHEMBL1793820,CCC(=O)C(=O)CCCC[C@@H]1NC(=O)[C@H]2CCCCN2CC(=O)[C@H]([C@@H](C)CC)NC(=O)[C@H](Cc2cn(OC)c3ccccc23)NC1=O,True,12.251671966614985,SVM_RBF,0.9115821105422887,1,3,True,13.294173591193452,KNeighbors,0.5714285714285714,1,1,True,True,True,0.74150534098543
CHEMBL3355637,NC(=O)c1ccc(-c2cnc3ccc(-c4cccc(S(=O)(=O)C5CC5)c4)nn23)cc1,True,13.230441119512722,SVM_RBF,0.76666758816632,1,2,True,12.767436003183079,KNeighbors,0.7142857142857143,1,1,True,True,True,0.7404766512260171
CHEMBL4128902,CC(C)[C@H](N)C(=O)N[C@@H](Cc1ccccc1)[C@H](O)CN1CCN(C[C@H](O)[C@@H](Cc2ccccc2)NC(=O)[C@@H](N)C(C)C)CC1,True,9.693273529683678,SVM_RBF,0.622625929714494,1,3,True,11.734795090826168,KNeighbors,0.8571428571428571,1,3,True,True,True,0.7398843934286756
CHEMBL3397108,C[C@H]1[C@@H](OC(=O)c2ccc(/C=C/C(=O)c3ccc(Cl)c(Cl)c3Cl)cc2)O[C@@H]2O[C@]3(C)CC[C@H]4[C@H](C)CC[C@@H]1[C@@]24OO3,True,12.784842076689085,SVM_RBF,0.6206150541277562,1,3,True,12.28384363589802,KNeighbors,0.8571428571428571,1,3,True,True,True,0.7388789556353066
CHEMBL3329595,O=C(/C=C/c1cccc(NC(=O)Nc2ccccc2)c1)C[C@@H]1OC[C@@H](O)[C@H](O)[C@H]1O,True,10.964964693857656,SVM_RBF,0.7630454491300458,1,3,True,9.324138027536229,KNeighbors,0.7142857142857143,1,2,True,True,True,0.73866558170788
CHEMBL346209,CCCOc1ccc(/C=C/C(=O)Nc2ccc(NC(=O)Cc3ccc(Cl)cc3)c(C(=O)c3ccccc3)c2)cc1,True,10.106642256228906,SVM_RBF,0.6181211550040954,1,3,True,9.270893110407666,KNeighbors,0.8571428571428571,1,2,True,True,True,0.7376320060734762
CHEMBL1793942,CC[C@H](C)[C@@H]1NC(=O)[C@H](Cc2cn(OC)c3ccccc23)NC(=O)[C@H](CCCCCC(=O)c2ccccc2)NC(=O)[C@H]2CCCCN2CC1=O,True,12.428678992270196,SVM_RBF,0.9037606711064013,1,3,True,12.556237172693438,KNeighbors,0.5714285714285714,1,1,True,True,True,0.7375946212674864
CHEMBL1793808,CCC(N)CCCCC[C@@H]1NC(=O)[C@H]2CCCCN2CC(=O)[C@H]([C@@H](C)CC)NC(=O)[C@H](Cc2cn(OC)c3ccccc23)NC1=O,True,12.703926109929881,SVM_RBF,0.8988802901049835,1,3,True,12.581644699544077,KNeighbors,0.5714285714285714,1,1,True,True,True,0.7351544307667774
CHEMBL4099892,CC(C)CC(NS(=O)(=O)c1ccc(N)cc1)c1nc2ccccc2c(=O)n1-c1ccccc1Cl,True,12.180549299078987,SVM_RBF,0.5998796166390596,1,3,True,13.84644642905206,KNeighbors,0.8571428571428571,1,3,True,True,True,0.7285112368909583
CHEMBL4073025,CC(C)CC(NS(=O)(=O)c1ccc(N)cc1)c1nc2ccccc2c(=O)n1-c1cccc(Cl)c1,True,12.180549299078987,SVM_RBF,0.5998796166390596,1,3,True,13.449349067790104,KNeighbors,0.8571428571428571,1,1,True,True,True,0.7285112368909583
CHEMBL4092150,CC(C)CC(NS(=O)(=O)c1ccc(N)cc1)c1nc2ccccc2c(=O)n1-c1ccc(Cl)cc1,True,12.180549299078987,SVM_RBF,0.5998796166390596,1,3,True,13.215144094583962,KNeighbors,0.8571428571428571,1,1,True,True,True,0.7285112368909583
CHEMBL195844,Cc1ccc(/C=C/C(=O)c2cccc(NC(=O)Nc3ccccc3)c2)cc1,True,6.1702494517543585,SVM_RBF,0.5993592301408834,1,3,True,7.20018399285752,KNeighbors,0.8571428571428571,1,2,True,True,True,0.7282510436418703
CHEMBL5280687,CCC(=O)CCCCC[C@@H]1CC(=O)C2CCCCN2C(=O)[C@H]([C@@H](C)CC)NC(=O)[C@H](Cc2cn(OC)c3ccccc23)NC1=O,True,12.646161213940653,SVM_RBF,0.8841426892864043,1,3,True,12.721771446491532,KNeighbors,0.5714285714285714,1,1,True,True,True,0.7277856303574879
CHEMBL459511,Cc1cc(NC(=O)c2ccco2)c2cc(NC(=O)Nc3ccc(Cl)cc3)ccc2n1,True,9.073416486728835,SVM_RBF,0.738960961596439,1,3,True,11.138859279891623,KNeighbors,0.7142857142857143,1,1,True,True,True,0.7266233379410767
CHEMBL3601451,CC(C)(O)C[C@H](NC(=O)N1CCOCC1)C(=O)N[C@H](/C=C/S(=O)(=O)c1ccccc1)CCc1ccccc1,True,8.840630882996225,SVM_RBF,0.8795308817524864,1,3,True,7.073403637475451,KNeighbors,0.5714285714285714,1,3,True,True,True,0.7254797265905288
CHEMBL1793991,CCC(=O)CCCCC[C@@H]1NC(=O)[C@H]2CCCCN2C(=O)[C@H]([C@@H](C)CC)NC(=O)[C@H](Cc2cn(CN3CCCC3)c3ccccc23)NC1=O,True,11.151740167698904,SVM_RBF,0.735448613533477,1,3,True,12.600668138591475,KNeighbors,0.7142857142857143,1,1,True,True,True,0.7248671639095956
CHEMBL4064509,CCCCCC(=O)N[C@@H](Cc1ccccc1)C(=O)N[C@@H](CCCC)C(=O)N[C@@H](Cc1ccccc1)C(=O)[C@@]1(C)CO1,True,10.971157020515001,SVM_RBF,0.7250769986280645,1,3,True,10.642819407717388,KNeighbors,0.7142857142857143,1,3,True,True,True,0.7196813564568894
CHEMBL200871,O=C(Nc1ccc(Oc2ccc(Cl)cc2O)c(Cl)c1)c1ccccc1,True,9.771054521133637,SVM_RBF,0.7234469104439222,1,3,True,9.92711773225233,KNeighbors,0.7142857142857143,1,1,True,True,True,0.7188663123648182
CHEMBL153283,CCCOc1ccc(/C=C/C(=O)Nc2ccc(NC(=O)Cc3ccccc3Br)c(C(=O)c3ccccc3)c2)cc1,True,12.73000812875777,SVM_RBF,0.579167532497992,1,3,True,12.129971585819522,KNeighbors,0.8571428571428571,1,1,True,True,True,0.7181551948204246
CHEMBL3948015,COc1ccc(C2(C3CC3)NC(=N)N(C3CCOCC3)C2=O)cc1-c1cccc(C#N)c1,True,12.270553515353328,SVM_RBF,0.8509382471980775,1,2,True,14.773411406415454,KNeighbors,0.5714285714285714,1,1,True,True,True,0.7111834093133245
CHEMBL2349166,C[C@@H]1C[C@H](C)C[C@H](C)[C@@H](O)CC(=O)O[C@H]([C@@H]2CCC[C@H]2C(=O)N[C@H](C)C(=O)O)C/C=C/C=C(/C#N)[C@H](O)[C@@H](C)C1,True,12.287829645952113,SVM_RBF,0.7036945566907447,1,3,True,12.479173603245933,KNeighbors,0.7142857142857143,1,3,True,True,True,0.7089901354882295
CHEMBL2349162,C[C@@H]1C[C@H](C)C[C@H](C)[C@@H](O)CC(=O)O[C@H]([C@@H]2CCC[C@H]2C(=O)N[C@@H](C)C(=O)O)C/C=C/C=C(/C#N)[C@H](O)[C@@H](C)C1,True,12.287829645952113,SVM_RBF,0.7036945566907447,1,3,True,12.479173603245933,KNeighbors,0.7142857142857143,1,3,True,True,True,0.7089901354882295
CHEMBL5274518,CC1(C)COC(C2CCC(NC3CCC(Nc4ccnc5cc(Cl)ccc45)CC3)CC2)OO1,True,11.925576771728302,SVM_RBF,0.7011401163363735,1,3,True,12.070192408353922,KNeighbors,0.7142857142857143,1,2,True,True,True,0.707712915311044
CHEMBL1215566,CC(C)CN(NC(=O)c1ccc(-c2ccc(CN3CCN(C)CC3)cc2)o1)c1nc(C#N)ncc1Br,True,12.94601773941785,SVM_RBF,0.5576998786059107,1,1,True,14.683019137653528,KNeighbors,0.8571428571428571,1,3,True,True,True,0.7074213678743839
CHEMBL10835,O=C(Nc1ccc(Cl)c(Cl)c1)Nc1ccc(Cl)c(Cl)c1,True,6.49054659035738,SVM_RBF,0.6964474896121486,1,2,True,10.862380702501605,KNeighbors,0.7142857142857143,1,2,True,True,True,0.7053666019489315
CHEMBL2063018,O=C(/C(=C/c1ccc(F)cc1)Oc1ccc(/C=N/Nc2ccnc3cc(Cl)ccc23)cc1)c1ccc(Cl)cc1,True,11.543966684121637,SVM_RBF,0.5526222048153684,1,3,True,9.956537080375206,KNeighbors,0.8571428571428571,1,2,True,True,True,0.7048825309791127
CHEMBL1793973,CCC(=O)CCCCC[C@@H]1NC(=O)[C@H]2CCCCN2C(=O)[C@H]([C@@H](C)CC)NC(=O)[C@H](c2cn(OC)c3ccccc3c2=O)NC1=O,True,12.803953956038146,SVM_RBF,0.8378670623423898,1,3,True,14.523374117173898,KNeighbors,0.5714285714285714,1,1,True,True,True,0.7046478168854806
CHEMBL4546797,COCCNC(=O)c1cc(C(=O)N[C@@H](Cc2ccccc2)[C@H](O)CNC(C)(C)c2cccc(OC)c2)cc(N2CCCCC2)c1,True,11.188483173533438,SVM_RBF,0.6942288574584567,1,3,True,10.696406565237641,KNeighbors,0.7142857142857143,1,1,True,True,True,0.7042572858720855
CHEMBL197322,O=S(=O)(Nc1ccc(Oc2ccc(Cl)cc2O)c(Cl)c1)c1ccccc1,True,12.055397559986377,SVM_RBF,0.8363668127899612,1,3,True,11.006828825241907,KNeighbors,0.5714285714285714,1,1,True,True,True,0.7038976921092663
CHEMBL4072309,Cc1ccccc1-n1c(C(CC(C)C)NS(=O)(=O)c2ccc(N)cc2)nc2ccccc2c1=O,True,12.391120745401949,SVM_RBF,0.5442027851984059,1,2,True,13.533701936351372,KNeighbors,0.8571428571428571,1,1,True,True,True,0.7006728211706315
CHEMBL4085319,Cc1cccc(-n2c(C(CC(C)C)NS(=O)(=O)c3ccc(N)cc3)nc3ccccc3c2=O)c1,True,12.391120745401949,SVM_RBF,0.5442027851984059,1,2,True,13.744522533102273,KNeighbors,0.8571428571428571,1,2,True,True,True,0.7006728211706315
CHEMBL323465,CCCCNC(=O)C[C@H](O)[C@H](Cc1ccccc1)NC(=O)CC1CN(Cc2ccc(-c3ccccc3)cc2)CCN1C(=O)CC(CN)c1ccc(Cl)cc1,True,11.434227006496101,SVM_RBF,0.6851507633430698,1,3,True,12.10449489561069,KNeighbors,0.7142857142857143,1,2,True,True,True,0.6997182388143921
CHEMBL199081,O=S(=O)(Nc1ccc(Oc2ccc(Cl)cc2O)c(Cl)c1)c1cccc2ccccc12,True,12.101634465431722,SVM_RBF,0.8268223440177087,1,3,True,10.789145190864781,KNeighbors,0.5714285714285714,1,1,True,True,True,0.69912545772314
CHEMBL3264806,CCCN(CCC)C(=O)c1cc(C(=O)N[C@@H](Cc2ccccc2)[C@H](O)CNC2(c3cccc(OC)c3)CC2)cc(N2CCCCC2)c1,True,11.462441540215845,SVM_RBF,0.8242099401261426,1,3,True,11.402904111051033,KNeighbors,0.5714285714285714,1,1,True,True,True,0.697819255777357
CHEMBL3264805,CCCN(CCC)C(=O)c1cc(C(=O)N[C@@H](Cc2ccccc2)[C@H](O)CNC(C)(C)c2cncc(OC)c2)cc(N2CCCCC2)c1,True,11.524919190940137,SVM_RBF,0.6745420433151904,1,3,True,11.879050049831813,KNeighbors,0.7142857142857143,1,2,True,True,True,0.6944138788004524
CHEMBL2349164,C[C@@H]1C[C@H](C)C[C@H](C)[C@@H](O)CC(=O)O[C@H]([C@@H]2CCC[C@H]2C(=O)N[C@@H](CC(N)=O)C(=O)O)C/C=C/C=C(/C#N)[C@H](O)[C@@H](C)C1,True,12.592902791910811,SVM_RBF,0.6721641877488579,1,3,True,13.644706019043602,KNeighbors,0.7142857142857143,1,3,True,True,True,0.6932249510172861
CHEMBL1170521,C[C@H]1[C@H](n2cc(-c3ccc(F)cc3)nn2)O[C@@H]2O[C@]3(C)CC[C@H]4[C@H](C)CC[C@@H]1[C@@]24OO3,True,11.41182151579271,SVM_RBF,0.5280670010171016,1,2,True,8.811296770451655,KNeighbors,0.8571428571428571,1,1,True,True,True,0.6926049290799794
CHEMBL5267762,COC(=O)Nc1nc2cc(C(=O)c3ccccc3)ccc2n1C(=O)O[C@H]1O[C@@H]2O[C@]3(C)CC[C@H]4[C@H](C)CC[C@@H]([C@H]1C)[C@@]24OO3,True,10.474487414618675,SVM_RBF,0.5263552287814218,1,2,True,12.396325018509247,KNeighbors,0.8571428571428571,1,1,True,True,True,0.6917490429621395
CHEMBL459199,O=C(Nc1ccc(Br)cc1)Nc1cccc(Cl)c1,True,10.30970127806501,SVM_RBF,0.6675856380843589,1,2,True,12.229461003745895,KNeighbors,0.7142857142857143,1,1,True,True,True,0.6909356761850366
CHEMBL1170740,C[C@H]1[C@H](n2cc(-c3ccccc3C(F)(F)F)nn2)O[C@@H]2O[C@]3(C)CC[C@H]4[C@H](C)CC[C@@H]1[C@@]24OO3,True,11.653385832449521,SVM_RBF,0.5236118418983017,1,2,True,11.959715506344983,KNeighbors,0.8571428571428571,1,1,True,True,True,0.6903773495205794
CHEMBL3264808,COc1cccc(C(C)(C)NC[C@@H](O)[C@H](Cc2ccccc2)NC(=O)c2cc(C(=O)N3CCCC3)cc(N3CCCCC3)c2)c1,True,10.971430491898683,SVM_RBF,0.6640844592897818,1,3,True,10.864311382537194,KNeighbors,0.7142857142857143,1,2,True,True,True,0.689185086787748
CHEMBL2334384,CCCN(CCC)C(=O)c1cccc(C(=O)N[C@@H](Cc2ccccc2)[C@H](O)CN2CCN(C(C)=O)CC2)c1,True,10.018262805681193,SVM_RBF,0.5186958447276578,1,2,True,9.326758418202584,KNeighbors,0.8571428571428571,1,1,True,True,True,0.6879193509352575
CHEMBL29292,CC(C)C[C@H](NC(=O)[C@@H](O)[C@H](N)Cc1ccccc1)C(=O)O,True,9.448035893466804,SVM_RBF,0.6603845890533272,1,3,True,9.747463121451183,KNeighbors,0.7142857142857143,1,2,True,True,True,0.6873351516695207
CHEMBL2371004,CC[C@H](C)[C@@H]1NC(=O)[C@H](Cc2cn(OC)c3ccccc23)NC(=O)[C@H](CCCCCCC(=O)OC)NC(=O)[C@H]2CCCCN2C1=O,True,12.999818966534395,SVM_RBF,0.8032017226786484,1,3,True,13.436806626845444,KNeighbors,0.5714285714285714,1,1,True,True,True,0.6873151470536099
CHEMBL1649748,CC1(C)COC2(CCC(N[C@H]3CC[C@H](Nc4ccnc5cc(Cl)ccc45)CC3)CC2)OO1,True,11.72102569188932,SVM_RBF,0.6599355601676709,1,3,True,12.600024107908935,KNeighbors,0.7142857142857143,1,2,True,True,True,0.6871106372266926
CHEMBL3221874,CC1(C)COC2(CCC(NC3CCC(Nc4ccnc5cc(Cl)ccc45)CC3)CC2)OO1,True,11.72102569188932,SVM_RBF,0.6599355601676709,1,3,True,12.600024107908935,KNeighbors,0.7142857142857143,1,2,True,True,True,0.6871106372266926
CHEMBL3218329,COc1c(N(Cc2ccccc2)NC(=O)[C@H](CC(C)C)NC(=O)OC(C)(C)C)c(=O)c1=O,True,11.333444699557186,SVM_RBF,0.5133860602643949,1,2,True,12.915530896073971,KNeighbors,0.8571428571428571,1,2,True,True,True,0.6852644587036261
CHEMBL4074082,CC(C)CC(NS(=O)(=O)c1ccc(N)cc1)c1nc2ccccc2c(=O)n1-c1ccccc1F,True,12.354503145446158,SVM_RBF,0.5129027602919681,1,2,True,14.02811664822226,KNeighbors,0.8571428571428571,1,2,True,True,True,0.6850228087174126
CHEMBL90987,Cc1ccc(CC(=O)Nc2ccc(NC(=O)/C=C/c3ccc(-c4ccc(Cl)cc4)o3)cc2C(=O)c2ccccc2)cc1,True,10.337926360325735,SVM_RBF,0.5123407666629177,1,1,True,10.918948399801112,KNeighbors,0.8571428571428571,1,2,True,True,True,0.6847418119028874
CHEMBL3884749,Cc1cc(Nc2ncc(C#N)c(Nc3cccc(S(C)(=O)=O)c3)n2)ccc1N1CCN(C)CC1,True,12.801098995256861,SVM_RBF,0.6471443160316529,1,3,True,13.222674910471374,KNeighbors,0.7142857142857143,1,1,True,True,True,0.6807150151586836
CHEMBL5277573,O=C(/C=C/c1ccc(F)cc1F)c1ccc(NS(=O)(=O)c2cc(Cl)ccc2Cl)cc1,True,12.255418909263392,SVM_RBF,0.6331776932008585,1,3,True,11.60456799248543,KNeighbors,0.7142857142857143,1,1,True,True,True,0.6737317037432864
CHEMBL3264811,CCCN(CCC)C(=O)c1cc(C(=O)N[C@@H](Cc2ccccc2)[C@H](O)CNC(C)(C)c2cccc(OC)c2)cc(N2CCCC2)c1,True,11.375029101719765,SVM_RBF,0.6321779013978959,1,3,True,11.448314515800377,KNeighbors,0.7142857142857143,1,1,True,True,True,0.6732318078418051
CHEMBL3264800,CCCN(CCC)C(=O)c1cc(C(=O)N[C@@H](Cc2ccccc2)[C@H](O)CNC(C)(C)c2cccc(O)c2)cc(N2CCCCC2)c1,True,11.724720075567223,SVM_RBF,0.6317912625481519,1,3,True,10.715576492990209,KNeighbors,0.7142857142857143,1,2,True,True,True,0.6730384884169331
CHEMBL497964,CC(=O)CCC(=O)Oc1cc(Cl)ccc1Oc1ccc(Cl)cc1Cl,True,12.506983578559629,SVM_RBF,0.631458151439042,1,3,True,11.564075781347233,KNeighbors,0.7142857142857143,1,1,True,True,True,0.6728719328623782
CHEMBL2063021,O=C(/C(=C/c1ccc(Cl)cc1Cl)Oc1ccc(/C=N/Nc2ccnc3cc(Cl)ccc23)cc1)c1ccc(Cl)cc1,True,11.23303026542149,SVM_RBF,0.6304706705482985,1,3,True,11.200952345901639,KNeighbors,0.7142857142857143,1,3,True,True,True,0.6723781924170065
CHEMBL3329584,CC(=O)O[C@@H]1[C@@H](OC(C)=O)[C@H](OC(C)=O)CO[C@H]1CC(=O)/C=C/c1cccc(NC(=O)Nc2ccccc2)c1,True,10.904196434107865,SVM_RBF,0.6293441580881152,1,3,True,12.927162449999207,KNeighbors,0.7142857142857143,1,1,True,True,True,0.6718149361869148
CHEMBL5414306,C[C@@]1(c2cccc(-c3cccc(Cl)c3)c2Cl)CC(=O)N([C@H]2CCOC[C@@H]2O)C(=N)N1,True,12.565687121441353,SVM_RBF,0.7669606089951749,1,3,True,14.365000182417921,KNeighbors,0.5714285714285714,1,1,True,True,True,0.6691945902118732
CHEMBL4075806,CCCCCC(=O)N[C@@H](Cc1c[nH]c2ccccc12)C(=O)N[C@@H](Cc1c[nH]c2ccccc12)C(=O)N[C@@H](CC(C)C)C(=O)[C@@]1(C)CO1,True,11.130152077157732,SVM_RBF,0.76570722808923,1,3,True,13.350802363420078,KNeighbors,0.5714285714285714,1,2,True,True,True,0.6685678997589006
CHEMBL3221650,CC(=O)OC1(C)CCC2CC1OO[C@]2(/C=C\c1ccc(Cl)cc1)c1ccccc1,True,13.267464976283822,SVM_RBF,0.6228497740708336,1,3,True,12.09898003030936,KNeighbors,0.7142857142857143,1,1,True,True,True,0.668567744178274
CHEMBL3601444,CC(=O)O[C@@]1(C)CC[C@@H]2C[C@@H]1OO[C@]2(/C=C\c1ccc(Cl)cc1)c1ccccc1,True,13.267464976283822,SVM_RBF,0.6228497740708336,1,3,True,12.09898003030936,KNeighbors,0.7142857142857143,1,1,True,True,True,0.668567744178274
CHEMBL1277524,CC(C)C[C@H](NC(=O)N1CCOCC1)C(=O)N[C@H](C=O)CCc1ccccc1,True,8.482729046568561,SVM_RBF,0.6220744737951088,1,3,True,6.582415000320848,KNeighbors,0.7142857142857143,1,1,True,True,True,0.6681800940404116
CHEMBL4776194,O=C1C=C(c2ccc(Cl)nc2)C(=O)c2ccccc21,True,10.878448290963703,SVM_RBF,0.6196228312532539,1,1,True,14.396233175419564,KNeighbors,0.7142857142857143,1,1,True,True,True,0.6669542727694842
CHEMBL4104839,CCCCCC(=O)N[C@@H](Cc1c[nH]c2ccccc12)C(=O)N[C@@H](CCCC)C(=O)N[C@@H](CC(C)C)C(=O)[C@@]1(C)CO1,True,11.385145282907548,SVM_RBF,0.7596609077678057,1,3,True,12.403342475800518,KNeighbors,0.5714285714285714,1,3,True,True,True,0.6655447395981886
CHEMBL4066582,CCCCCC(=O)N[C@H](Cc1c[nH]c2ccccc12)C(=O)N[C@@H](CCCC)C(=O)N[C@@H](CC(C)C)C(=O)[C@@]1(C)CO1,True,11.385145282907548,SVM_RBF,0.7596609077678057,1,3,True,12.403342475800518,KNeighbors,0.5714285714285714,1,3,True,True,True,0.6655447395981886
CHEMBL3264799,CCCN(CCC)C(=O)c1cc(C(=O)N[C@@H](Cc2ccccc2)[C@H](O)CNC(C)(C)c2cccc(OC)c2)cc(N2CCCCC2)c1,True,11.607376647072352,SVM_RBF,0.6164691064932557,1,3,True,11.068329249395573,KNeighbors,0.7142857142857143,1,1,True,True,True,0.665377410389485
CHEMBL4748051,Nc1ccc(-c2nc(-c3ccc(S(=O)(=O)C4CC4)cc3)cnc2N)cn1,True,13.190801556989882,SVM_RBF,0.7564460120294456,1,3,True,13.717316426846926,KNeighbors,0.5714285714285714,1,1,True,True,True,0.6639372917290085
CHEMBL590944,Cc1ccc(NC(=O)Nc2cccc(Cl)c2)cc1F,True,7.087742520625101,SVM_RBF,0.6117047653481585,1,2,True,8.903592571719992,KNeighbors,0.7142857142857143,1,1,True,True,True,0.6629952398169364
CHEMBL1290085,O=C(c1ccc(NC2CCCCC2)cc1)C1CC1c1ccc(Cl)cc1,True,11.552527312473453,SVM_RBF,0.7525723368923224,1,3,True,11.154224072918792,KNeighbors,0.5714285714285714,1,1,True,True,True,0.662000454160447
CHEMBL4295199,CN1CCC(c2nc(-c3cccc(S(C)(=O)=O)c3)c(-c3ccnc(NC4CC4)n3)s2)CC1,True,13.077155445997231,SVM_RBF,0.7511710517694883,1,2,True,14.362235555719916,KNeighbors,0.5714285714285714,1,1,True,True,True,0.6612998115990298
CHEMBL1761035,CN(C)CCN(C)C(=O)NC(C(=O)Nc1ccc(Cl)cc1C(=O)c1ccccc1)c1ccccc1,True,11.646345577860012,SVM_RBF,0.7410299565065127,1,3,True,10.28346416422312,KNeighbors,0.5714285714285714,1,1,True,True,True,0.656229263967542
CHEMBL2349167,C[C@@H]1C[C@H](C)C[C@H](C)[C@@H](O)CC(=O)O[C@H]([C@@H]2CCC[C@H]2C(=O)N[C@@H](Cc2ccc(O)cc2)C(=O)O)C/C=C/C=C(/C#N)[C@H](O)[C@@H](C)C1,True,12.40748639022909,SVM_RBF,0.5970796974746237,1,3,True,13.209008218713532,KNeighbors,0.7142857142857143,1,3,True,True,True,0.6556827058801691
CHEMBL1793994,CCC(=O)CCCCC[C@@H]1NC(=O)[C@H]2CCCCN2C(=O)[C@H]([C@@H](C)CC)NC(=O)[C@H](Cc2cn(C)c3ccccc23)NC1=O,True,8.847916176205212,SVM_RBF,0.5969317276662319,1,3,True,12.850302616458174,KNeighbors,0.7142857142857143,1,2,True,True,True,0.6556087209759731
CHEMBL4475791,CCN(CC)C(=O)c1cc(C(=O)N[C@@H](Cc2ccccc2)[C@H](O)CNC(C)(C)c2cccc(OC)c2)cc(N2CCCCC2)c1,True,11.726267016036157,SVM_RBF,0.5944124005136364,1,3,True,10.517302761682874,KNeighbors,0.7142857142857143,1,1,True,True,True,0.6543490573996753
CHEMBL1793990,CCCn1cc(C(=O)[C@H]2NC(=O)[C@H](CCCCCC(=O)CC)NC(=O)[C@H]3CCCCN3C(=O)[C@H]([C@@H](C)CC)NC2=O)c2ccccc21,True,8.736765238327107,SVM_RBF,0.5941711732844434,1,3,True,14.898677548000867,KNeighbors,0.7142857142857143,1,1,True,True,True,0.6542284437850788
CHEMBL1213688,CCC(=O)CCCCC[C@@H]1NC(=O)[C@H]2CCCCN2C(=O)[C@H]([C@H](C)CC)NC(=O)[C@H](c2c[nH]c3ccccc3c2=O)NC1=O,True,10.678283605969797,SVM_RBF,0.5940220209758826,1,3,True,13.62530107671154,KNeighbors,0.7142857142857143,1,1,True,True,True,0.6541538676307985
CHEMBL499559,O=S(=O)(/C(Cl)=C/c1cc2ccccc2nc1Cl)c1ccccc1,True,12.750328795809896,SVM_RBF,0.5936804723159904,1,1,True,12.180262239000884,KNeighbors,0.7142857142857143,1,1,True,True,True,0.6539830933008524
CHEMBL2063019,O=C(/C(=C/c1ccc(Cl)cc1)Oc1ccc(/C=N/Nc2ccnc3cc(Cl)ccc23)cc1)c1ccc(Cl)cc1,True,11.340952059219259,SVM_RBF,0.593341974141441,1,3,True,10.424782272117765,KNeighbors,0.7142857142857143,1,3,True,True,True,0.6538138442135777
CHEMBL6192619,COc1ccc(OC2=C(Oc3ccc(OC)cc3)/C(=C/NC3CCCCC3)N=C2c2ccc[nH]2)cc1,True,12.29459097588612,SVM_RBF,0.5896264778769611,1,3,True,14.837596258510866,KNeighbors,0.7142857142857143,1,2,True,True,True,0.6519560960813378
CHEMBL2063020,O=C(/C(=C/c1ccc(F)cc1F)Oc1ccc(/C=N/Nc2ccnc3cc(Cl)ccc23)cc1)c1ccc(Cl)cc1,True,11.454244220631546,SVM_RBF,0.5885770655031775,1,3,True,10.424254152239168,KNeighbors,0.7142857142857143,1,2,True,True,True,0.6514313898944459
CHEMBL4284547,CN1CCC(c2nc(-c3cccc(S(C)(=O)=O)c3)c(-c3ccnc(NCC4CC4)n3)s2)CC1,True,13.17270521423014,SVM_RBF,0.5870952268350167,1,1,True,14.318980125734672,KNeighbors,0.7142857142857143,1,1,True,True,True,0.6506904705603656
CHEMBL568295,C[C@H]1[C@H](c2ccc[nH]2)O[C@@H]2O[C@@]3(C)CC[C@H]4[C@H](C)CC[C@@H]1[C@@]24OO3,True,10.940623757415974,SVM_RBF,0.5868480694322887,1,3,True,11.506124806764204,KNeighbors,0.7142857142857143,1,1,True,True,True,0.6505668918590015
CHEMBL1793983,CCC(=O)CCCCC[C@@H]1NC(=O)[C@H]2CCCCN2C(=O)[C@H]([C@@H](C)CC)NC(=O)[C@@H](c2cnc3ccccc3c2Cl)NC1=O,True,11.30634388303734,SVM_RBF,0.7291845024648601,1,3,True,14.306533830791048,KNeighbors,0.5714285714285714,1,1,True,True,True,0.6503065369467158
CHEMBL3628220,CS(=O)(=O)c1ccc(-c2cnn3ccc(-c4cccc(S(=O)(=O)C5CC5)c4)cc23)cc1,True,13.46553846657595,SVM_RBF,0.728163680476297,1,2,True,13.74569260089074,KNeighbors,0.5714285714285714,1,2,True,True,True,0.6497961259524342
CHEMBL153679,CCCOc1ccc(/C=C/C(=O)Nc2ccc(NC(=O)Cc3ccc(Br)cc3)c(C(=O)c3ccccc3)c2)cc1,True,12.73000812875777,SVM_RBF,0.579167532497992,1,3,True,11.832448196100636,KNeighbors,0.7142857142857143,1,1,True,True,True,0.6467266233918532
CHEMBL3259870,CCCNC(=O)c1cc(C(=O)N[C@@H](Cc2ccccc2)[C@H](O)CNC(C)(C)c2cccc(OC)c2)cc(N2CCCCC2)c1,True,11.643866459155939,SVM_RBF,0.7219904525792722,1,3,True,10.707821023907638,KNeighbors,0.5714285714285714,1,1,True,True,True,0.6467095120039218
CHEMBL4094120,CCCCCC(=O)N[C@H](Cc1ccncc1)C(=O)N[C@@H](CCCC)C(=O)N[C@@H](CC(C)C)C(=O)[C@@]1(C)CO1,True,11.537744045160702,SVM_RBF,0.7212967337443226,1,3,True,11.816010318830404,KNeighbors,0.5714285714285714,1,3,True,True,True,0.646362652586447
CHEMBL4076604,CCCCCC(=O)N[C@@H](Cc1ccncc1)C(=O)N[C@@H](CCCC)C(=O)N[C@@H](CC(C)C)C(=O)[C@@]1(C)CO1,True,11.537744045160702,SVM_RBF,0.7212967337443226,1,3,True,11.816010318830404,KNeighbors,0.5714285714285714,1,3,True,True,True,0.646362652586447
CHEMBL3628217,CS(=O)(=O)c1ccc(-c2cnc3ccc(-c4cccc(S(=O)(=O)C5CC5)c4)cn23)cc1,True,13.467913695307866,SVM_RBF,0.7178675404391277,1,2,True,13.504125761737663,KNeighbors,0.5714285714285714,1,1,True,True,True,0.6446480559338496
CHEMBL70200,Cc1ccc(CC(=O)Nc2ccc(NC(=O)/C=C/c3ccc(-c4ccc(S(C)(=O)=O)cc4)o3)cc2C(=O)c2ccccc2)cc1,True,11.496001644189565,SVM_RBF,0.5739471975588915,1,2,True,12.718719778042725,KNeighbors,0.7142857142857143,1,2,True,True,True,0.6441164559223029
CHEMBL4172193,CN(C)Cc1ccn2c(-c3ccnc(NCC4CC4)n3)c(-c3cccc(S(C)(=O)=O)c3)nc2c1,True,13.492999662155801,SVM_RBF,0.7159327215708042,1,2,True,14.391119762810357,KNeighbors,0.5714285714285714,1,1,True,True,True,0.6436806464996878
CHEMBL468069,Cc1cc(NC(=O)c2ccccc2Cl)c2cc(NC(=O)Nc3cc(Cl)cc(Cl)c3)ccc2n1,True,7.508844246384498,SVM_RBF,0.5720985584837209,1,2,True,11.145162027902849,KNeighbors,0.7142857142857143,1,1,True,True,True,0.6431921363847176
CHEMBL467865,Cc1cc(NC(=O)c2ccccc2)c2cc(NC(=O)Nc3ccc(Cl)c(Cl)c3)ccc2n1,True,7.508844246384498,SVM_RBF,0.5720985584837209,1,2,True,10.371143719109593,KNeighbors,0.7142857142857143,1,1,True,True,True,0.6431921363847176
CHEMBL512592,Cc1cc(NC(=O)c2ccccc2Cl)c2cc(NC(=O)Nc3ccc(Cl)c(Cl)c3)ccc2n1,True,7.508844246384498,SVM_RBF,0.5720985584837209,1,2,True,11.18815823203418,KNeighbors,0.7142857142857143,1,1,True,True,True,0.6431921363847176
CHEMBL2408428,C[C@H]1[C@H](OC(=O)[C@H](O)[C@@H](NC(=O)c2ccccc2)c2ccccc2)O[C@@H]2O[C@@]3(C)CC[C@H]4[C@H](C)CC[C@@H]1[C@@]24OO3,True,9.278606860999293,SVM_RBF,0.7143787278218839,1,3,True,8.894692066184993,KNeighbors,0.5714285714285714,1,1,True,True,True,0.6429036496252276
CHEMBL1215279,CC(C)CN(NC(=O)c1ccc(OCCN2CCOCC2)cc1)c1nc(C#N)ncc1Br,True,13.110275072013499,SVM_RBF,0.569998464603184,1,3,True,14.013557464108667,KNeighbors,0.7142857142857143,1,3,True,True,True,0.6421420894444492
CHEMBL3885292,Cc1cc(Nc2ncc(C#N)c(Nc3cccc(S(=O)(=O)NC(C)(C)C)c3)n2)ccc1N1CCN(C)CC1,True,13.453473800679749,SVM_RBF,0.5669342535387325,1,3,True,14.454244363370552,KNeighbors,0.7142857142857143,1,1,True,True,True,0.6406099839122235
CHEMBL1793972,CCC(=O)CCCCC[C@@H]1NC(=O)[C@H]2CCCCN2C(=O)[C@H]([C@@H](C)CC)NC(=O)[C@H](c2cn(CC)c3ccccc3c2=O)NC1=O,True,10.200097645395232,SVM_RBF,0.5651520367107136,1,2,True,14.694807589339542,KNeighbors,0.7142857142857143,1,1,True,True,True,0.6397188754982139
CHEMBL4102412,CCCCCC(=O)N[C@@H](Cc1ccc(N)cc1)C(=O)N[C@@H](CCCC)C(=O)N[C@@H](Cc1ccccc1)C(=O)[C@@]1(C)CO1,True,11.439461094354643,SVM_RBF,0.7068956942220591,1,3,True,10.426968263373777,KNeighbors,0.5714285714285714,1,3,True,True,True,0.6391621328253152
CHEMBL3740426,CCCCNC(=O)[C@H](CC(C)C)NC(=O)c1ccc(Oc2ccc(C(=O)N[C@@H](CC(C)C)C(=O)NCCN(CC)CC)cc2)cc1,True,9.913444975454777,SVM_RBF,0.706574502175687,1,3,True,11.67433601829373,KNeighbors,0.5714285714285714,1,2,True,True,True,0.6390015368021291
CHEMBL3739487,CCCCNC(=O)[C@H](CC(C)C)NC(=O)[C@@H](NC(=O)c1ccc(Oc2ccc(C(=O)N[C@@H](CC(C)C)C(=O)N[C@@H](C)C(=O)NCCN(CC)CC)cc2)cc1)[C@@H](C)CC,True,9.913444975454777,SVM_RBF,0.706574502175687,1,3,True,13.533091625146767,KNeighbors,0.5714285714285714,1,2,True,True,True,0.6390015368021291
CHEMBL245166,Cc1ccc(S(=O)(=O)NC(=O)Nc2ccc(C(=O)/C=C/c3ccc(F)cc3F)cc2)cc1,True,12.45793901048589,SVM_RBF,0.7049812209395834,1,3,True,13.281410248230813,KNeighbors,0.5714285714285714,1,2,True,True,True,0.6382048961840774
CHEMBL3087894,O=C(Nc1ccc(Br)cc1)c1c(O)cc(-c2ccccc2)oc1=O,True,13.282042305321207,SVM_RBF,0.7038375405561276,1,3,True,14.976713587429572,KNeighbors,0.5714285714285714,1,1,True,True,True,0.6376330559923495
CHEMBL495688,O=C(O)CCCC(=O)Oc1cc(Cl)ccc1Oc1ccc(Cl)cc1Cl,True,12.688025780022382,SVM_RBF,0.5577534781214448,1,1,True,12.912481055758619,KNeighbors,0.7142857142857143,1,1,True,True,True,0.6360195962035795
CHEMBL1793980,CCC(=O)CCCCC[C@@H]1NC(=O)[C@H]2CCCCN2C(=O)[C@H]([C@@H](C)CC)NC(=O)[C@@H](C(=O)c2c[nH]c3ccccc23)NC1=O,True,8.85141167819383,SVM_RBF,0.5568515174369313,1,3,True,13.398767432154965,KNeighbors,0.7142857142857143,1,1,True,True,True,0.6355686158613227
CHEMBL1793967,CCC(=O)CCCCC[C@@H]1NC(=O)[C@H]2CCCCN2C(=O)[C@H]([C@@H](C)CC)NC(=O)[C@H](C(=O)c2c[nH]c3ccccc23)NC1=O,True,8.85141167819383,SVM_RBF,0.5568515174369313,1,3,True,13.398767432154965,KNeighbors,0.7142857142857143,1,1,True,True,True,0.6355686158613227
CHEMBL2314234,O=C(Cc1ccc(O)c(O)c1)NCCCNCCCCNCCCNC(=O)Cc1ccc(O)c(O)c1,True,8.654534105007297,SVM_RBF,0.5564328829960333,1,3,True,11.737044637031747,KNeighbors,0.7142857142857143,1,2,True,True,True,0.6353592986408738
CHEMBL2063017,O=C(/C(=C/c1ccoc1)Oc1ccc(/C=N/Nc2ccnc3cc(Cl)ccc23)cc1)c1ccc(Cl)cc1,True,11.694120742977265,SVM_RBF,0.6982900997834123,1,3,True,11.116654557780262,KNeighbors,0.5714285714285714,1,2,True,True,True,0.6348593356059918
CHEMBL5179291,C[C@H]1[C@@H](OC(=O)c2cn(C3CC3)c3cc(N4CCNCC4)c(F)cc3c2=O)O[C@@H]2O[C@@]3(C)CC[C@H]4[C@H](C)CC[C@@H]1[C@@]24OO3,True,11.874152478619273,SVM_RBF,0.694404966250792,1,3,True,13.665563945503783,KNeighbors,0.5714285714285714,1,2,True,True,True,0.6329167688396817
CHEMBL4067938,CCCCCC(=O)N[C@H](C(=O)N[C@@H](CCCC)C(=O)N[C@@H](CC(C)C)C(=O)[C@@]1(C)CO1)C(C)C,True,11.743462720324775,SVM_RBF,0.694310971521836,1,3,True,13.291253392045453,KNeighbors,0.5714285714285714,1,3,True,True,True,0.6328697714752036
CHEMBL4086345,CCCCCC(=O)N[C@@H](C(=O)N[C@@H](CCCC)C(=O)N[C@@H](CC(C)C)C(=O)[C@@]1(C)CO1)C(C)C,True,11.743462720324775,SVM_RBF,0.694310971521836,1,3,True,13.291253392045453,KNeighbors,0.5714285714285714,1,3,True,True,True,0.6328697714752036
CHEMBL4452552,COc1cccc(C(C)(C)NC[C@@H](O)[C@H](Cc2ccccc2)NC(=O)c2cc(C(=O)NC(C)(C)CO)cc(N3CCCCC3)c2)c1,True,11.188483173533438,SVM_RBF,0.6942288574584567,1,3,True,11.290656208773608,KNeighbors,0.5714285714285714,1,2,True,True,True,0.6328287144435141
CHEMBL530223,COc1cccc(NC(=O)[C@H](C(C)C)n2c(=O)[nH]c3ccccc3c2=O)c1,True,10.708019934912715,SVM_RBF,0.693152712311365,1,3,True,12.10461558538142,KNeighbors,0.5714285714285714,1,1,True,True,True,0.6322906418699682
CHEMBL2062889,COc1ccc(/C=C(\Oc2ccc(/C=N/Nc3ccnc4cc(Cl)ccc34)cc2)C(=O)c2ccc(Cl)cc2)cc1OC,True,11.306412582901658,SVM_RBF,0.6926031290131566,1,3,True,11.848508282953723,KNeighbors,0.5714285714285714,1,1,True,True,True,0.6320158502208639
CHEMBL2062888,COc1ccc(OC)c(/C=C(\Oc2ccc(/C=N/Nc3ccnc4cc(Cl)ccc34)cc2)C(=O)c2ccc(Cl)cc2)c1,True,11.306412582901658,SVM_RBF,0.6926031290131566,1,3,True,12.104904668464311,KNeighbors,0.5714285714285714,1,2,True,True,True,0.6320158502208639
CHEMBL524013,Clc1ccc2c(NCCNCC3CCC4(CC3)OOC3(CCCCC3)OO4)ccnc2c1,True,12.413590531935025,SVM_RBF,0.549189524063114,1,3,True,12.550133134635386,KNeighbors,0.7142857142857143,1,1,True,True,True,0.6317376191744142
CHEMBL3234073,CS(=O)(=O)c1ccc(-c2cnc3ccc(-c4cccc(C(=O)NS(=O)(=O)C5CC5)c4)nn23)cc1,True,12.496441257424909,SVM_RBF,0.5483961889659245,1,2,True,13.704319659526755,KNeighbors,0.7142857142857143,1,2,True,True,True,0.6313409516258194
CHEMBL3742020,CCCCNC(=O)[C@H](CC(C)C)NC(=O)[C@@H](NC(=O)c1ccc(Oc2ccc(C(=O)N[C@H](C(=O)N[C@@H](CC(C)C)C(=O)NCCCC)[C@@H](C)CC)cc2)cc1)[C@@H](C)CC,True,9.164286414240141,SVM_RBF,0.6889477582629037,1,3,True,14.917097858264885,KNeighbors,0.5714285714285714,1,1,True,True,True,0.6301881648457375
CHEMBL459512,Cc1cc(NC(=O)c2ccco2)c2cc(NC(=O)Nc3ccc(Br)cc3)ccc2n1,True,12.225552940206706,SVM_RBF,0.6877081314108661,1,3,True,13.155618935677651,KNeighbors,0.5714285714285714,1,1,True,True,True,0.6295683514197188
CHEMBL3329574,Cc1ccc(S(=O)(=O)Nc2cccc(/C=C/C(=O)C[C@@H]3OC[C@@H](O)[C@H](O)[C@H]3O)c2)cc1,True,11.232531850988064,SVM_RBF,0.5440481451781972,1,3,True,10.812132117160735,KNeighbors,0.7142857142857143,1,1,True,True,True,0.6291669297319558
CHEMBL466814,Cc1cc(NC(=O)c2cccc(Cl)c2)c2cc(NC(=O)Nc3ccc(Cl)cc3)ccc2n1,True,7.381196256693633,SVM_RBF,0.5437336393144869,1,2,True,10.205837245135182,KNeighbors,0.7142857142857143,1,1,True,True,True,0.6290096768001006
CHEMBL459740,Cc1cc(NC(=O)c2cccc(Cl)c2)c2cc(NC(=O)Nc3cc(Cl)cc(Cl)c3)ccc2n1,True,7.381196256693633,SVM_RBF,0.5437336393144869,1,2,True,11.089524419316476,KNeighbors,0.7142857142857143,1,1,True,True,True,0.6290096768001006
CHEMBL569116,CO[C@@H]1[C@H](OC(=O)N[C@@H](C(=O)NCCC2CCCN2C)C(C)C)CC[C@]2(CO2)[C@H]1[C@@]1(C)O[C@@H]1CC=C(C)C,True,13.069865018532827,SVM_RBF,0.5431418705160487,1,3,True,14.52909353447418,KNeighbors,0.7142857142857143,1,2,True,True,True,0.6287137924008814
CHEMBL4576016,COc1cccc(/C=C/c2ccc(C(=O)Nc3cc(C(=O)Nc4cc(C(=O)NCCN(C)C)n(C)c4)n(C)c3)cc2)c1,True,9.675590132640208,SVM_RBF,0.5419257056672755,1,3,True,14.468619288568046,KNeighbors,0.7142857142857143,1,1,True,True,True,0.6281057099764948
CHEMBL2029745,CC[C@H]1OC(=O)[C@H](C)[C@@H](O)[C@H](C)[C@@H](O)[C@](C)(O)C[C@@H](C)CN(CCCNCc2ccc3ccccc3n2)[C@H](C)[C@@H](O)[C@]1(C)O,True,11.360148456641884,SVM_RBF,0.5410826393193541,1,3,True,14.637824457977782,KNeighbors,0.7142857142857143,1,2,True,True,True,0.6276841768025342
CHEMBL2042185,CC(C)C[C@@H](NC(=O)/C=C/c1ccc(Cl)cc1)C(=O)N[C@H](CCc1ccccc1)C(=O)Nc1ccnc2cc(Cl)ccc12,True,10.229046162820673,SVM_RBF,0.5406304949097587,1,3,True,10.543691357935641,KNeighbors,0.7142857142857143,1,2,True,True,True,0.6274581045977365
CHEMBL3739600,CCCCNC(=O)[C@H](CC(C)C)NC(=O)[C@@H](NC(=O)c1ccc(Oc2ccc(C(=O)N[C@@H](CC(C)C)C(=O)NCCCN(CC)CC)cc2)cc1)[C@@H](C)CC,True,10.124996155364466,SVM_RBF,0.6824733967919104,1,3,True,12.142549205021165,KNeighbors,0.5714285714285714,1,1,True,True,True,0.626950984110241
CHEMBL77491,C[C@H]1[C@@H](OCCCONC(=O)c2ccccc2O)O[C@@H]2O[C@@]3(C)CC[C@H]4[C@H](C)CC[C@@H]1[C@@]24OO3,True,11.196259825733327,SVM_RBF,0.5363203924551992,1,2,True,8.891624366396048,KNeighbors,0.7142857142857143,1,1,True,True,True,0.6253030533704568
CHEMBL197274,Oc1ccccc1CNc1ccc(Oc2ccc(Cl)cc2O)c(Cl)c1,True,11.056557902447334,SVM_RBF,0.5347208388877981,1,1,True,10.521551271617891,KNeighbors,0.7142857142857143,1,1,True,True,True,0.6245032765867562
CHEMBL591393,O=C(Nc1ccc(F)c(Cl)c1)Nc1ccc(Cl)c(Cl)c1,True,6.847230796069512,SVM_RBF,0.6755873343176148,1,2,True,11.745924075793308,KNeighbors,0.5714285714285714,1,1,True,True,True,0.6235079528730931
CHEMBL3125005,COc1ccc(-c2cc(-c3ccc(S(C)(=O)=O)cc3)ccc2N)cn1,True,12.563749752827423,SVM_RBF,0.5327207576661314,1,2,True,13.099288766035741,KNeighbors,0.7142857142857143,1,1,True,True,True,0.6235032359759228
CHEMBL1793979,CCC(=O)CCCCC[C@@H]1NC(=O)[C@H]2CCCCN2C(=O)[C@H]([C@@H](C)CC)NC(=O)[C@@H](C(=O)c2ccc3c(ccn3C)c2)NC1=O,True,8.327081700570467,SVM_RBF,0.5303941186352381,1,3,True,13.1543575730518,KNeighbors,0.7142857142857143,1,1,True,True,True,0.6223399164604762
CHEMBL532497,O=C(Oc1ccc(Cl)cc1C(=O)Nc1ccc([N+](=O)[O-])cc1Cl)c1ccccc1,True,11.190945670654779,SVM_RBF,0.5302685296272519,1,2,True,11.580349529878948,KNeighbors,0.7142857142857143,1,1,True,True,True,0.6222771219564831
CHEMBL1215342,CC(C)CN(NC(=O)c1ccc(OCCN2CCOCC2)cc1)c1nc(C#N)ncc1Cl,True,11.952952651962523,SVM_RBF,0.529877428856136,1,3,True,11.88532700993998,KNeighbors,0.7142857142857143,1,2,True,True,True,0.6220815715709251
CHEMBL4085463,CCCCCC(=O)N[C@@H](Cc1ccccc1)C(=O)N[C@@H](CCCC)C(=O)N[C@@H](CC(C)C)C(=O)[C@@]1(C)CO1,True,11.288578748203708,SVM_RBF,0.6717573765918929,1,3,True,11.354159514113553,KNeighbors,0.5714285714285714,1,3,True,True,True,0.6215929740102322
CHEMBL4521552,CC(C)(C)c1ccc(/C=N/NC(=O)C(=O)Nc2ccc(Nc3ccnc4cc(Cl)ccc34)cc2)cc1,True,11.739012639140604,SVM_RBF,0.5281488918712769,1,2,True,13.865759286117918,KNeighbors,0.7142857142857143,1,2,True,True,True,0.6212173030784955
CHEMBL4454293,COc1cccc(C(C)(C)NC[C@@H](O)[C@H](Cc2ccccc2)NC(=O)c2cc(C(=O)NCCC(F)(F)F)cc(N3CCCCC3)c2)c1,True,11.836224902525425,SVM_RBF,0.6692469363558647,1,3,True,13.57633048987746,KNeighbors,0.5714285714285714,1,1,True,True,True,0.6203377538922181
CHEMBL3397103,Cc1ccc(C(=O)/C=C/c2ccc(C(=O)O[C@@H]3O[C@@H]4O[C@]5(C)CC[C@H]6[C@H](C)CC[C@@H]([C@H]3C)[C@@]46OO5)cc2)o1,True,12.384944037272616,SVM_RBF,0.5205835221078864,1,3,True,9.057772071843532,KNeighbors,0.7142857142857143,1,3,True,True,True,0.6174346181968003
CHEMBL2314236,O=C(Cc1ccccc1O)NCCCNCCNCCCNC(=O)Cc1ccccc1O,True,9.02095970021432,SVM_RBF,0.519320871591768,1,3,True,9.597553081668803,KNeighbors,0.7142857142857143,1,1,True,True,True,0.6168032929387411
CHEMBL532011,Cc1[nH]c(C)c(-c2ccc(-c3cccc(Cl)c3)nc2)c(=O)c1Cl,True,10.343057153751863,SVM_RBF,0.5184488951627911,1,2,True,12.554244319079586,KNeighbors,0.7142857142857143,1,1,True,True,True,0.6163673047242527
CHEMBL4876061,Oc1ccc(-c2cc(-c3ccc(O)c(O)c3)nc(N3CCN(c4ccnc5cc(Cl)ccc45)CC3)n2)cc1,True,8.06243284661247,SVM_RBF,0.6595863180866675,1,3,True,12.080066988911591,KNeighbors,0.5714285714285714,1,1,True,True,True,0.6155074447576194
CHEMBL5280889,O=C(N[C@H](Cc1ccccc1)[C@@H](O)CN1CCN(Cc2ccc(F)cc2)CC1)[C@@H](Cc1ccccc1)N1C(=O)c2ccccc2C1=O,True,9.883415840442385,SVM_RBF,0.6595112066824069,1,3,True,11.699555869627561,KNeighbors,0.5714285714285714,1,2,True,True,True,0.6154698890554892
CHEMBL3289808,Nc1nc2ccc(C3CC3)nc2n1CC(O)c1ccc(Cl)cc1Cl,True,12.03199744381509,SVM_RBF,0.6591963729749664,1,1,True,12.910792170487966,KNeighbors,0.5714285714285714,1,1,True,True,True,0.6153124722017689
CHEMBL1753,CCC[C@@H]1C[C@@H](C(=O)N[C@@H]([C@H]2O[C@H](SC)[C@H](O)[C@@H](O)[C@H]2O)[C@H](C)Cl)N(C)C1,True,12.262671462146987,SVM_RBF,0.6588802645551857,1,3,True,14.415651684466336,KNeighbors,0.5714285714285714,1,1,True,True,True,0.6151544179918785
CHEMBL3298964,C[C@H](NC(C)(C)C)[C@@H](O)c1ccc(Cl)c(Cl)c1,True,12.440994211775124,SVM_RBF,0.6580375702150678,1,3,True,14.431900050147458,KNeighbors,0.5714285714285714,1,1,True,True,True,0.6147330708218196
CHEMBL1793971,CCC(=O)CCCCC[C@@H]1NC(=O)[C@H]2CCCCN2C(=O)[C@H]([C@@H](C)CC)NC(=O)[C@H](c2cnc3ccccc3c2O)NC1=O,True,10.678283605969797,SVM_RBF,0.5149318748121361,1,2,True,13.527851742816484,KNeighbors,0.7142857142857143,1,1,True,True,True,0.6146087945489251
CHEMBL1793970,CCC(=O)CCCCC[C@@H]1NC(=O)[C@H]2CCCCN2C(=O)[C@H]([C@@H](C)CC)NC(=O)[C@@H](c2cnc3ccccc3c2O)NC1=O,True,10.678283605969797,SVM_RBF,0.5149318748121361,1,2,True,13.527851742816484,KNeighbors,0.7142857142857143,1,1,True,True,True,0.6146087945489251
CHEMBL4522288,CCCN(CCC)C(=O)c1cc(C#N)cc(C(=O)N[C@@H](Cc2ccccc2)[C@H](O)CNC(C)(C)c2cccc(OC)c2)c1,True,11.80182450873021,SVM_RBF,0.6569955883594927,1,3,True,11.56286954628147,KNeighbors,0.5714285714285714,1,2,True,True,True,0.614212079894032
CHEMBL1793993,CCC(=O)CCCCC[C@@H]1NC(=O)[C@H]2CCCCN2C(=O)[C@H]([C@@H](C)CC)NC(=O)[C@H](Cc2cn(CC)c3ccccc23)NC1=O,True,9.155232087850823,SVM_RBF,0.6566166180228429,1,3,True,13.677942992405676,KNeighbors,0.5714285714285714,1,1,True,True,True,0.6140225947257072
CHEMBL571384,CO[C@@H]1[C@H](OC(=O)N[C@@H](C(=O)NN2CCCCC2)C(C)C)CC[C@]2(CO2)[C@H]1[C@@]1(C)O[C@@H]1CC=C(C)C,True,13.467602547394723,SVM_RBF,0.5127237004918194,1,1,True,14.455030861384117,KNeighbors,0.7142857142857143,1,2,True,True,True,0.6135047073887668
CHEMBL3354451,O=c1c(O)c(-c2ccc(O)c(O)c2)oc2c(CNCCc3ccccc3Cl)c(O)cc(O)c12,True,11.253574441313258,SVM_RBF,0.6537892726490814,1,3,True,14.982196734890305,KNeighbors,0.5714285714285714,1,2,True,True,True,0.6126089220388264
CHEMBL4105133,CCCCCC(=O)N[C@@H](Cc1ccc(N)cc1)C(=O)N[C@@H](CCCC)C(=O)N[C@@H](CC(C)C)C(=O)[C@@]1(C)CO1,True,11.941073057968742,SVM_RBF,0.6531142030043574,1,3,True,11.255677486966205,KNeighbors,0.5714285714285714,1,3,True,True,True,0.6122713872164645
CHEMBL3264810,CCCN(CCC)C(=O)c1cc(C(=O)N[C@@H](Cc2ccccc2)[C@H](O)CNC(C)(C)c2cccc(OC)c2)cc(C2CCCCC2)c1,True,11.630096634105803,SVM_RBF,0.6515348831263991,1,3,True,11.443747881630715,KNeighbors,0.5714285714285714,1,2,True,True,True,0.6114817272774853
CHEMBL89599,CCCOc1ccc(-c2ccc(/C=C/C(=O)Nc3ccc(NC(=O)Cc4ccc(C)cc4)c(C(=O)c4ccccc4)c3)o2)cc1,True,10.765414943259586,SVM_RBF,0.5066538629676222,1,1,True,11.656799956768081,KNeighbors,0.7142857142857143,1,1,True,True,True,0.6104697886266682
CHEMBL1793985,CCC(=O)CCCCC[C@@H]1NC(=O)[C@H]2CCCCN2C(=O)[C@H]([C@@H](C)CC)NC(=O)[C@H](Cc2c(-c3cc(OC)cc(OC)c3)[nH]c3ccccc23)NC1=O,True,9.060775228893522,SVM_RBF,0.6493475165195214,1,3,True,14.326595461138371,KNeighbors,0.5714285714285714,1,1,True,True,True,0.6103880439740463
CHEMBL3449156,N[C@@H]1CCC[C@@H](Oc2ccc(F)cc2Oc2ccccc2)[C@@H]1O,True,11.455149923860835,SVM_RBF,0.6463418318768385,1,3,True,10.041914098918436,KNeighbors,0.5714285714285714,1,1,True,True,True,0.6088852016527049
CHEMBL1793982,CCC(=O)CCCCC[C@@H]1NC(=O)[C@H]2CCCCN2C(=O)[C@H]([C@@H](C)CC)NC(=O)[C@@H](c2cnc3ccccc3c2N2CCCCC2)NC1=O,True,10.353774220633028,SVM_RBF,0.6454081440155881,1,3,True,14.949290488792673,KNeighbors,0.5714285714285714,1,2,True,True,True,0.6084183577220798
CHEMBL560343,O=C(CC1CCCCC1)N[C@@H](Cc1ccccc1)[C@@H](O)[C@H](O)[C@H](Cc1ccccc1)NC(=O)CC1CCCCC1,True,7.272153104073236,SVM_RBF,0.6444300933410148,1,3,True,9.375121363733822,KNeighbors,0.5714285714285714,1,2,True,True,True,0.6079293323847931
CHEMBL3628219,CS(=O)(=O)c1ccc(-c2cnn3ccc(-c4cccc(S(C)(=O)=O)c4)cc23)cc1,True,13.307194951093148,SVM_RBF,0.5,1,1,True,13.753243918668854,KNeighbors,0.7142857142857143,1,1,True,True,True,0.6071428571428572
CHEMBL368252,COc1cc2nccc(Oc3ccc(NC(=O)Nc4ccccc4)cc3)c2cc1OC,True,9.659737715392444,SVM_RBF,0.6406673083805401,1,3,True,10.034525059703345,KNeighbors,0.5714285714285714,1,1,True,True,True,0.6060479399045557
CHEMBL3309528,O=c1cc(CNCCNc2ccnc3cc(Cl)ccc23)n(C2CC2)cc1O,True,9.085814730072036,SVM_RBF,0.6397749918908646,1,3,True,11.991101094551839,KNeighbors,0.5714285714285714,1,1,True,True,True,0.605601781659718
CHEMBL1793976,CCC(=O)CCCCC[C@@H]1NC(=O)[C@H]2CCCCN2C(=O)[C@H]([C@@H](C)CC)NC(=O)[C@H](Cc2c(-c3ccc4c(ccn4C)c3)[nH]c3ccccc23)NC1=O,True,9.338555104418027,SVM_RBF,0.6377755297048233,1,3,True,14.891539766970137,KNeighbors,0.5714285714285714,1,2,True,True,True,0.6046020505666974
CHEMBL5523481,CC(=O)N[C@H](C(=O)N[C@H](C(=O)N[C@@H](C)C(=O)N[C@@H](C)C(=O)C(=O)N[C@@H](CC(=O)O)C(N)=O)[C@@H](C)O)C1CCCC1,True,11.55974866474303,SVM_RBF,0.6319261479385355,1,3,True,14.419818029602908,KNeighbors,0.5714285714285714,1,1,True,True,True,0.6016773596835534
CHEMBL1169825,Cc1ccccc1NC(=O)NC(=O)c1ccccc1Cl,True,6.860167694569803,SVM_RBF,0.6286118723333529,1,2,True,9.744616315113966,KNeighbors,0.5714285714285714,1,1,True,True,True,0.6000202218809622
CHEMBL459726,Cc1cc(NC(=O)c2ccco2)c2cc(NC(=O)Nc3cccc(C#N)c3)ccc2n1,True,10.302637350756127,SVM_RBF,0.6258759859202062,1,3,True,12.04829745376803,KNeighbors,0.5714285714285714,1,1,True,True,True,0.5986522786743889
CHEMBL4454828,COc1cccc(C(C)(C)NC[C@@H](O)[C@H](Cc2ccccc2)NC(=O)c2cc(C(=O)N(CC(C)C)CC(C)C)cc(N3CCCCC3)c2)c1,True,11.088285028774541,SVM_RBF,0.6225115579891634,1,3,True,13.383545137143548,KNeighbors,0.5714285714285714,1,1,True,True,True,0.5969700647088674
CHEMBL1793989,CCC(=O)CCCCC[C@@H]1NC(=O)[C@H]2CCCCN2C(=O)[C@H]([C@@H](C)CC)NC(=O)[C@H](Cc2c[nH]c3ccccc23)NC1=O,True,9.342061773706103,SVM_RBF,0.6223800042351797,1,3,True,12.759843340444153,KNeighbors,0.5714285714285714,1,1,True,True,True,0.5969042878318755
CHEMBL561098,N/C(=N\O)c1cc(OCCCCCOc2ccnc(/C(N)=N/O)c2)ccn1,True,12.428704081682456,SVM_RBF,0.6164518737105461,1,3,True,14.034094910620215,KNeighbors,0.5714285714285714,1,1,True,True,True,0.5939402225695587
CHEMBL3298963,CCC(C)(C)N[C@@H](C)[C@H](O)c1ccc(Cl)c(Cl)c1,True,12.9019179123329,SVM_RBF,0.6131104342439745,1,3,True,13.723900507502302,KNeighbors,0.5714285714285714,1,1,True,True,True,0.592269502836273
CHEMBL3298968,CCC(C)(C)N[C@H](C)[C@H](O)c1ccc(Cl)c(Cl)c1,True,12.9019179123329,SVM_RBF,0.6131104342439745,1,3,True,13.723900507502302,KNeighbors,0.5714285714285714,1,1,True,True,True,0.592269502836273
CHEMBL3298962,CCC(C)(C)N[C@@H](C)[C@@H](O)c1ccc(Cl)c(Cl)c1,True,12.9019179123329,SVM_RBF,0.6131104342439745,1,3,True,13.723900507502302,KNeighbors,0.5714285714285714,1,1,True,True,True,0.592269502836273
CHEMBL4446738,CCCN(CCC)C(=O)c1cc(C)cc(C(=O)N[C@@H](Cc2ccccc2)[C@H](O)CNC(C)(C)c2cccc(OC)c2)c1,True,11.419921050100323,SVM_RBF,0.6129760638248859,1,3,True,11.264740842534485,KNeighbors,0.5714285714285714,1,1,True,True,True,0.5922023176267286
CHEMBL4449824,CCCN(CCC)C(=O)c1cc(C(=O)N[C@@H](Cc2ccccc2)[C@H](O)CNC(C)(C)c2cccc(OC)c2)cc(C(=O)N(CCC)CCC)c1,True,11.419921050100323,SVM_RBF,0.6129760638248859,1,3,True,13.513002948461047,KNeighbors,0.5714285714285714,1,1,True,True,True,0.5922023176267286
CHEMBL2063022,O=C(/C(=C/c1cccc([N+](=O)[O-])c1)Oc1ccc(/C=N/Nc2ccnc3cc(Cl)ccc23)cc1)c1ccc(Cl)cc1,True,11.643502514850704,SVM_RBF,0.6127194232827807,1,3,True,11.754392901279965,KNeighbors,0.5714285714285714,1,2,True,True,True,0.5920739973556761
CHEMBL2063023,O=C(/C(=C/c1ccc([N+](=O)[O-])cc1)Oc1ccc(/C=N/Nc2ccnc3cc(Cl)ccc23)cc1)c1ccc(Cl)cc1,True,11.643502514850704,SVM_RBF,0.6127194232827807,1,3,True,11.610252835325856,KNeighbors,0.5714285714285714,1,2,True,True,True,0.5920739973556761
CHEMBL4561558,COc1cccc(C(C)(C)NC[C@@H](O)[C@H](Cc2ccccc2)NC(=O)c2cc(C(=O)N(C)C)cc(N3CCCCC3)c2)c1,True,11.155721472321295,SVM_RBF,0.599926457392506,1,3,True,11.431922142545849,KNeighbors,0.5714285714285714,1,2,True,True,True,0.5856775144105387
CHEMBL4536592,COc1cccc(C(C)(C)NC[C@@H](O)[C@H](Cc2ccccc2)NC(=O)c2cc(C(=O)NCC3CCCCC3)cc(N3CCCCC3)c2)c1,True,11.155721472321295,SVM_RBF,0.599926457392506,1,3,True,11.32113412339254,KNeighbors,0.5714285714285714,1,3,True,True,True,0.5856775144105387
CHEMBL513506,Cc1cc(NC(=O)c2cccc(Cl)c2)c2cc(NC(=O)Nc3cccc(Cl)c3C)ccc2n1,True,7.811272094253813,SVM_RBF,0.5974878649178367,1,2,True,10.162980236660683,KNeighbors,0.5714285714285714,1,1,True,True,True,0.5844582181732041
CHEMBL467433,Cc1cc(NC(=O)c2ccccc2Cl)c2cc(NC(=O)Nc3ccc(C)c(Cl)c3)ccc2n1,True,7.811272094253813,SVM_RBF,0.5974878649178367,1,2,True,10.671371319726921,KNeighbors,0.5714285714285714,1,1,True,True,True,0.5844582181732041
CHEMBL2062885,O=C(/C(=C/c1ccccc1)Oc1ccc(/C=N/Nc2ccnc3cc(Cl)ccc23)cc1)c1ccc(Cl)cc1,True,11.340952059219259,SVM_RBF,0.593341974141441,1,3,True,10.181637510784192,KNeighbors,0.5714285714285714,1,2,True,True,True,0.5823852727850062
CHEMBL443178,Cc1cc(=O)c(-c2ccc(Oc3ccc(Cl)cc3)cc2)c(C)[nH]1,True,9.969821830585548,SVM_RBF,0.5925303053137634,1,2,True,12.612698527666614,KNeighbors,0.5714285714285714,1,1,True,True,True,0.5819794383711674
CHEMBL545880,O=C(CCc1ccco1)NC1CCN(CC2(c3ccc(Cl)cc3)CCC2)CC1,True,11.001391807377988,SVM_RBF,0.5914765560020983,1,2,True,14.514661329247385,KNeighbors,0.5714285714285714,1,2,True,True,True,0.5814525637153348
CHEMBL315514,CC1(OC(=O)C(=O)N(Cc2ccccc2)Cc2ccccc2)CCC2CC1OO[C@@]2(C)CS(=O)(=O)c1ccccc1,True,12.907850700454864,SVM_RBF,0.5851530099909553,1,3,True,12.820736946547711,KNeighbors,0.5714285714285714,1,1,True,True,True,0.5782907907097634
CHEMBL83812,CC1(OC(=O)C(=O)N(Cc2ccccc2)Cc2ccccc2)CCC2CC1OO[C@]2(C)CS(=O)(=O)c1ccccc1,True,12.907850700454864,SVM_RBF,0.5851530099909553,1,3,True,12.820736946547711,KNeighbors,0.5714285714285714,1,1,True,True,True,0.5782907907097634
CHEMBL3449174,Cc1ccc(Oc2cc(F)ccc2O[C@@H]2CCC[C@@H](N)[C@H]2O)cc1,True,11.559571849244847,SVM_RBF,0.581309018507704,1,3,True,9.932139935610333,KNeighbors,0.5714285714285714,1,1,True,True,True,0.5763687949681378
CHEMBL1941050,CCNC(=O)c1noc(-c2cc(C(C)C)c(O)cc2O)c1NC(=O)CCN1CCOCC1,True,11.937815318150495,SVM_RBF,0.5800360427767076,1,2,True,12.753010363314823,KNeighbors,0.5714285714285714,1,2,True,True,True,0.5757323071026395
CHEMBL459954,Cc1cc(NC(=O)c2ccccc2Cl)c2cc(NC(=O)Nc3cccc(Cl)c3)ccc2n1,True,7.508844246384498,SVM_RBF,0.5720985584837209,1,2,True,10.16321257594457,KNeighbors,0.5714285714285714,1,1,True,True,True,0.5717635649561461
CHEMBL69157,CCS(=O)(=O)c1ccc(-c2ccc(/C=C/C(=O)Nc3ccc(NC(=O)Cc4ccc(C)cc4)c(C(=O)c4ccccc4)c3)o2)cc1,True,11.570848466313326,SVM_RBF,0.5720257006753543,1,1,True,12.581219539871764,KNeighbors,0.5714285714285714,1,2,True,True,True,0.5717271360519629
CHEMBL1215567,CC(C)CN(NC(=O)Cc1ccc(OCCN2CCOCC2)cc1)c1nc(C#N)ncc1Br,True,13.110275072013499,SVM_RBF,0.569998464603184,1,3,True,14.60242031104909,KNeighbors,0.5714285714285714,1,3,True,True,True,0.5707135180158778
CHEMBL6163607,Oc1cccc(-c2cnc(-c3ccccc3)o2)c1O,True,10.4878878297933,SVM_RBF,0.5667175887893885,1,3,True,12.499686371712162,KNeighbors,0.5714285714285714,1,1,True,True,True,0.56907308010898
CHEMBL5646388,Cc1ccc(S(=O)(=O)NC(C)C(=O)NC(C)C(=O)NC23CC4CC(CC(C4)C2)C3)cc1,True,10.771182983329792,SVM_RBF,0.5652967799134195,1,3,True,14.890469934173732,KNeighbors,0.5714285714285714,1,2,True,True,True,0.5683626756709954
CHEMBL2234192,O=C(Nc1ccc(Cl)cc1)Nc1cccc2cccnc12,True,7.726841175472783,SVM_RBF,0.564638690562752,1,2,True,8.33421116118958,KNeighbors,0.5714285714285714,1,1,True,True,True,0.5680336309956617
CHEMBL93974,NC1=NC(c2ccccc2)N(c2ccc(Cl)c(Cl)c2)C(N)=N1,True,12.481355898020995,SVM_RBF,0.5637547718152518,1,1,True,13.952745727457465,KNeighbors,0.5714285714285714,1,1,True,True,True,0.5675916716219116
CHEMBL1289327,O=C(c1ccc(NCCn2ccnc2)cc1)C1CC1c1ccc(Cl)cc1,True,11.35881210713124,SVM_RBF,0.5623429418585808,1,1,True,10.795328371672884,KNeighbors,0.5714285714285714,1,2,True,True,True,0.5668857566435761
CHEMBL4439389,COc1cccc(C(C)(C)NC[C@@H](O)[C@H](Cc2ccccc2)NC(=O)c2cc(C(=O)NCCO)cc(N3CCCCC3)c2)c1,True,11.138439897948457,SVM_RBF,0.5605012495201835,1,3,True,10.716932076580889,KNeighbors,0.5714285714285714,1,2,True,True,True,0.5659649104743775
CHEMBL4453065,COc1cccc(C(C)(C)NC[C@@H](O)[C@H](Cc2ccccc2)NC(=O)c2cc(C(=O)N(CCO)CCO)cc(N3CCCCC3)c2)c1,True,11.138439897948457,SVM_RBF,0.5605012495201835,1,3,True,11.196347175350267,KNeighbors,0.5714285714285714,1,2,True,True,True,0.5659649104743775
CHEMBL2334375,CCCN(CCC)C(=O)c1cccc(C(=O)N[C@@H](Cc2ccccc2)[C@H](O)CNC(C)(C)c2ccc(F)cc2)c1,True,12.062882624914364,SVM_RBF,0.5566545787669733,1,3,True,10.02979005925549,KNeighbors,0.5714285714285714,1,2,True,True,True,0.5640415750977723
CHEMBL2334374,CCCN(CCC)C(=O)c1cccc(C(=O)N[C@@H](Cc2ccccc2)[C@H](O)CNC(C)(C)c2cccc(F)c2)c1,True,12.062882624914364,SVM_RBF,0.5566545787669733,1,3,True,10.354879162038575,KNeighbors,0.5714285714285714,1,1,True,True,True,0.5640415750977723
CHEMBL329687,NC1=NC(c2ccccc2)N(c2cccc(Cl)c2)C(N)=N1,True,12.537809938404786,SVM_RBF,0.5562862758243123,1,1,True,14.137697900737141,KNeighbors,0.5714285714285714,1,1,True,True,True,0.5638574236264419
CHEMBL3221649,CC(=O)OC1(C)CCC2CC1OO[C@]2(/C=C\c1ccc(F)cc1)c1ccccc1,True,13.337542761383071,SVM_RBF,0.5554286709751718,1,3,True,12.474531025306675,KNeighbors,0.5714285714285714,1,1,True,True,True,0.5634286212018715
CHEMBL3234067,CS(=O)(=O)c1ccc(-c2cnc3ccc(-c4cccc(S(=O)(=O)NC5CC5)c4)nn23)cc1,True,12.317991251693755,SVM_RBF,0.5552564776432433,1,2,True,13.830559632549924,KNeighbors,0.5714285714285714,1,1,True,True,True,0.5633425245359074
CHEMBL2029748,CC[C@H]1OC(=O)[C@H](C)[C@@H](O)[C@H](C)[C@@H](O)[C@](C)(O)C[C@@H](C)CN(CCCNCc2cnc3ccccc3c2)[C@H](C)[C@@H](O)[C@]1(C)O,True,11.546568546035227,SVM_RBF,0.5535131657185374,1,3,True,14.977762990568973,KNeighbors,0.5714285714285714,1,2,True,True,True,0.5624708685735544
CHEMBL526587,Cc1ccc(-c2cc(C(=O)Nc3ccc(S(=O)(=O)N4CCCCC4)cc3)[nH]n2)c(O)c1,True,10.61316676328433,SVM_RBF,0.5522904579062625,1,3,True,11.587029375475566,KNeighbors,0.5714285714285714,1,1,True,True,True,0.561859514667417
CHEMBL1793977,CCC(=O)CCCCC[C@@H]1NC(=O)[C@H]2CCCCN2C(=O)[C@H]([C@@H](C)CC)NC(=O)[C@H](Cc2cn(CC(=O)O)c3ccccc23)NC1=O,True,9.350289748706524,SVM_RBF,0.5521986127729408,1,3,True,14.527226548604895,KNeighbors,0.5714285714285714,1,1,True,True,True,0.5618135921007561
CHEMBL153182,CCCOc1ccc(/C=C/C(=O)Nc2ccc(NC(=O)Cc3ccc(C(F)(F)F)cc3)c(C(=O)c3ccccc3)c2)cc1,True,10.338739844641585,SVM_RBF,0.5503878003377034,1,3,True,13.15354210850719,KNeighbors,0.5714285714285714,1,1,True,True,True,0.5609081858831374
CHEMBL4063714,Cc1ccc(-n2c(C(CC(C)C)NS(=O)(=O)c3ccc(N)cc3)nc3ccccc3c2=O)cc1,True,12.391120745401949,SVM_RBF,0.5442027851984059,1,2,True,13.266298038727436,KNeighbors,0.5714285714285714,1,2,True,True,True,0.5578156783134887
CHEMBL3235673,COC(=O)/C(C)=C/c1ccc(Oc2ccc(N/C(=N/c3ccc(Cl)cc3)NCCNc3ccnc4cc(Cl)ccc34)cc2)cc1,True,13.131988810189767,SVM_RBF,0.5394138178753951,1,1,True,11.868621593424523,KNeighbors,0.5714285714285714,1,2,True,True,True,0.5554211946519833
CHEMBL3264804,CCCN(CCC)C(=O)c1cc(C(=O)N[C@@H](Cc2ccccc2)[C@H](O)CNC(C)(C)c2ccncc2)cc(N2CCCCC2)c1,True,11.35460170571279,SVM_RBF,0.5380273496668357,1,3,True,11.37640114138452,KNeighbors,0.5714285714285714,1,1,True,True,True,0.5547279605477036
CHEMBL1645430,COc1cc(NC(C)CCCNC(=O)N[C@H](CCCCN)C(=O)NCCCC(C)Nc2cc(OC)cc3cccnc23)c2ncccc2c1,True,11.371060260995884,SVM_RBF,0.5372420336649325,1,3,True,14.490391940135108,KNeighbors,0.5714285714285714,1,2,True,True,True,0.5543353025467519
CHEMBL1645354,COc1cc(NC(C)CCCNC(=O)N[C@@H](CCCCN)C(=O)NCCCC(C)Nc2cc(OC)cc3cccnc23)c2ncccc2c1,True,11.371060260995884,SVM_RBF,0.5372420336649325,1,3,True,14.490391940135108,KNeighbors,0.5714285714285714,1,2,True,True,True,0.5543353025467519
CHEMBL2040589,Oc1cc2cc(c1O)Oc1ccc(cc1)CCc1cccc(O)c1Oc1cccc(c1)CC2,True,11.921266130882714,SVM_RBF,0.530354395174219,1,2,True,14.817093277113122,KNeighbors,0.5714285714285714,1,1,True,True,True,0.5508914833013951
CHEMBL1215568,CC(C)CN(NC(=O)Cc1ccc(OCCN2CCOCC2)cc1)c1nc(C#N)ncc1Cl,True,11.952952651962523,SVM_RBF,0.529877428856136,1,3,True,11.875907602529313,KNeighbors,0.5714285714285714,1,1,True,True,True,0.5506530001423537
CHEMBL2062886,Cc1ccc(/C=C(\Oc2ccc(/C=N/Nc3ccnc4cc(Cl)ccc34)cc2)C(=O)c2ccc(Cl)cc2)cc1,True,11.443007576310183,SVM_RBF,0.5281036286723176,1,3,True,10.488159414515165,KNeighbors,0.5714285714285714,1,3,True,True,True,0.5497661000504446
CHEMBL580876,COc1ccc(C(=O)Nc2ccc(Cl)cc2C(=O)Nc2ccncc2)cc1,True,10.050480266094317,SVM_RBF,0.526610397741095,1,2,True,9.591213549412434,KNeighbors,0.5714285714285714,1,1,True,True,True,0.5490194845848332
CHEMBL2042002,CNC(=O)c1ccc(-c2cc(-c3ccc(S(C)(=O)=O)cc3)cnc2N)cc1,True,12.480881294925421,SVM_RBF,0.5241712016834725,1,2,True,12.44833690443691,KNeighbors,0.5714285714285714,1,1,True,True,True,0.547799886556022
CHEMBL4764446,COc1ccc(NS(=O)(=O)c2ccc(Nc3ccnc4cc(Cl)ccc34)cc2)cc1,True,11.75847954703254,SVM_RBF,0.5219864270510817,1,3,True,10.64276600852185,KNeighbors,0.5714285714285714,1,1,True,True,True,0.5467074992398265
CHEMBL2062887,COc1ccc(/C=C(\Oc2ccc(/C=N/Nc3ccnc4cc(Cl)ccc34)cc2)C(=O)c2ccc(Cl)cc2)cc1,True,11.407895540380878,SVM_RBF,0.5213236612821168,1,3,True,10.69120431961603,KNeighbors,0.5714285714285714,1,2,True,True,True,0.5463761163553441
CHEMBL5285931,Clc1cc(NCCCNC2CCC3(CC2)OO[C@@]2(c4ccccc4)CC(c4ccccc4)=C[C@H]2O3)c2ncccc2c1,True,13.509855151576474,SVM_RBF,0.5209632612402337,1,1,True,11.690129925438715,KNeighbors,0.5714285714285714,1,2,True,True,True,0.5461959163344026
CHEMBL2042184,CC(C)C[C@@H](NC(=O)/C=C/c1ccc(F)cc1)C(=O)N[C@H](CCc1ccccc1)C(=O)Nc1ccnc2cc(Cl)ccc12,True,10.647813318687081,SVM_RBF,0.5205480029003657,1,3,True,10.337572240772882,KNeighbors,0.5714285714285714,1,2,True,True,True,0.5459882871644686
CHEMBL4177103,CC1(C)C=Cc2c(cc3oc(-c4ccc(O)cc4)cc(=O)c3c2O)O1,True,12.223630686256868,SVM_RBF,0.5202232273578901,1,1,True,14.920088579720822,KNeighbors,0.5714285714285714,1,1,True,True,True,0.5458258993932308
CHEMBL1287833,CN1CCN(c2ccc(C(=O)C3CC3c3ccc(Cl)cc3)cc2)CC1,True,9.907744947202499,SVM_RBF,0.5181231390094441,1,1,True,11.11808166567026,KNeighbors,0.5714285714285714,1,2,True,True,True,0.5447758552190077
CHEMBL532890,CCn1c(-c2nc(-c3ccnc(N4CCN(C)CC4)c3)cnc2N)nc2cc(S(C)(=O)=O)ccc21,True,12.582629957221398,SVM_RBF,0.5139730343475342,1,1,True,14.953233221593795,KNeighbors,0.5714285714285714,1,1,True,True,True,0.5427008028880528
CHEMBL4094614,CC(C)CC(NS(=O)(=O)c1ccc(N)cc1)c1nc2ccccc2c(=O)n1-c1ccc(F)cc1,True,12.354503145446158,SVM_RBF,0.5129027602919681,1,2,True,13.436115262294285,KNeighbors,0.5714285714285714,1,2,True,True,True,0.5421656658602698
CHEMBL3235652,Clc1cccc(/N=C(\NCCNc2ccnc3cc(Cl)ccc23)Nc2ccc(Oc3cc(Cl)ccc3Cl)cc2)c1,True,10.8820026370263,SVM_RBF,0.5113123408658686,1,1,True,12.901107595801701,KNeighbors,0.5714285714285714,1,1,True,True,True,0.54137045614722
CHEMBL3235649,Clc1ccc(Cl)c(Oc2ccc(N/C(=N/c3ccccc3)NCCNc3ccnc4cc(Cl)ccc34)cc2)c1,True,10.8820026370263,SVM_RBF,0.5113123408658686,1,1,True,12.159202057539124,KNeighbors,0.5714285714285714,1,1,True,True,True,0.54137045614722
CHEMBL3235655,Clc1ccc(/N=C(\NCCNc2ccnc3cc(Cl)ccc23)Nc2ccc(Oc3cc(Cl)ccc3Cl)cc2)cc1,True,10.8820026370263,SVM_RBF,0.5113123408658686,1,1,True,12.816353578346291,KNeighbors,0.5714285714285714,1,1,True,True,True,0.54137045614722
CHEMBL473929,CSC[C@H]1N[C@@H](c2c[nH]c3c(=O)[nH]cnc23)[C@H](O)[C@@H]1O,True,10.754407959699591,SVM_RBF,0.5109782982746811,1,3,True,14.806033456988928,KNeighbors,0.5714285714285714,1,1,True,True,True,0.5412034348516263
CHEMBL480105,CC(C)=CC(=O)NC[C@H]1O[C@@H](n2cnc3c(NCc4ccc(Oc5ccccc5)cc4)ncnc32)[C@H](O)[C@@H]1O,True,12.678740938450016,SVM_RBF,0.5096399468006692,1,1,True,12.50462821235385,KNeighbors,0.5714285714285714,1,1,True,True,True,0.5405342591146203
CHEMBL3235646,COC(=O)/C(C)=C/c1ccc(Oc2ccccc2N/C(=N/c2ccc(Cl)cc2)NCCNc2ccnc3cc(Cl)ccc23)cc1,True,13.108322967832851,SVM_RBF,0.5091899782539403,1,1,True,11.57922832779586,KNeighbors,0.5714285714285714,1,1,True,True,True,0.5403092748412559
CHEMBL3235641,COC(=O)/C(C)=C/c1ccc(Oc2ccccc2N/C(=N/c2cccc(Cl)c2)NCCNc2ccnc3cc(Cl)ccc23)cc1,True,13.108322967832851,SVM_RBF,0.5091899782539403,1,1,True,11.70056383877466,KNeighbors,0.5714285714285714,1,1,True,True,True,0.5403092748412559
CHEMBL2023608,Cc1nc(NCCNc2ccnc3cc(Cl)ccc23)nc(-c2ccccc2[N+](=O)[O-])c1C(=O)OC(C)C,True,12.157908450589378,SVM_RBF,0.506648503852454,1,1,True,14.339979341143229,KNeighbors,0.5714285714285714,1,2,True,True,True,0.5390385376405127
CHEMBL4858906,CC(C)(C)NCc1cc(Cl)cc(Nc2nc3cc(F)c(F)cc3[nH]2)c1O,True,13.410582734234614,SVM_RBF,0.5,1,2,True,13.888898363474258,KNeighbors,0.5714285714285714,1,2,True,True,True,0.5357142857142857
CHEMBL4558658,COc1cc2nc(NCc3ccc(F)cc3)nc(NC3CCN(C(=O)OC(C)(C)C)CC3)c2cc1OC,True,12.143052349887322,SVM_RBF,0.5,1,2,True,12.63568539286452,KNeighbors,0.5714285714285714,1,1,True,True,True,0.5357142857142857
