compound_id,smiles_std,in_AD_maccs,ad_dist_maccs,maccs_model_top1,maccs_prob_top1,maccs_pred_top1,maccs_top3_votes,in_AD_mordred,ad_dist_mordred,mordred_model_top1,mordred_prob_top1,mordred_pred_top1,mordred_top3_votes,in_AD_ambos,activo_ambos_top1,candidato_MoA_FP2,prob_media
gallinami de_analogo_novo_36,O=C1N(C(/C=C/[C@H](CCC2=CC=CC=C2)NC([C@H](CC(C)C)NC([C@H](CC(C)C)NC([C@H](C(C)C)N(C)C)=O)=O)=O)=O)C(CC3=CC=C(C4=CC=C(C#N)C=C4)C=C3)C(OC)=C1,True,6.689078433130634,SVM_RBF,0.929904381786781,1,3,True,9.76173053384856,KNeighbors,1.0,1,3,True,True,True,0.9649521908933905
gallinamid e_analogo_novo_34,O=C1N(C(/C=C/[C@H](CCC2=CC=CC=C2)NC([C@H](CC(C)C)NC([C@H](CC(C)C)NC([C@H](C(C)C)N(C)C)=O)=O)=O)=O)C(CC3=CC=C(C4=CC=C(OC)C=C4)C=C3)C(OC)=C1,True,5.986120513008636,SVM_RBF,0.9176817230205911,1,3,True,8.709319276103571,KNeighbors,1.0,1,3,True,True,True,0.9588408615102956
gallinamide_an alogo_novo_30,O=C1N(C(/C=C/[C@H](CCC2=CC=CC=C2)NC([C@H](CC(C)C)NC([C@H](CC(C)C)NC([C@H](C(C)C)N(C)C)=O)=O)=O)=O)C(CC3=CC=C(C4=CC=CC=C4)C=C3)C(OC)=C1,True,5.7643398648382576,SVM_RBF,0.9148162250964985,1,3,True,8.496379579148908,KNeighbors,1.0,1,3,True,True,True,0.9574081125482492
g allinamide_analogo_novo_38,O=C1N(C(/C=C/[C@H](CCC2=CC=CC=C2)NC([C@H](CC(C)C)NC([C@H](CC(C)C)NC([C@H](C(C)C)N(C)C)=O)=O)=O)=O)C(CC3=CC=C(C4=CC(C=CC=C5)=C5C=C4)C=C3)C(OC)=C1,True,5.09048706079467,SVM_RBF,0.9004273836933698,1,3,True,9.751440843839957,KNeighbors,1.0,1,3,True,True,True,0.9502136918466849
gallinamide_analogo_novo_20,CN([C@H](C(O[C@H](C(N[C@H](C(N[C@H](/C=C/C(N1C(C=C([C@@H]1C)OC)=O)=O)C)=O)CC(C)C)=O)CC(C)C)=O)C(C)C)C,True,5.235991369118116,SVM_RBF,0.8962673899009538,1,3,True,4.629128808473636,KNeighbors,1.0,1,3,True,True,True,0.9481336949504768
gallinamide_analogo_novo_2,CN(C)[C@@H](C(C)C)C(O[C@@H](CC(C)C)C(N[C@@H](CC(C)C)C(N[C@@H](C)/C=C/C(N1C(C=C(OC)[C@@H]1C)=O)=O)=O)=O)=O,True,5.235991369118116,SVM_RBF,0.8962673899009538,1,3,True,4.62912880847364,KNeighbors,1.0,1,3,True,True,True,0.9481336949504768
gallinamide_analogo _novo_28,C[C@@H](/C=C/C(N1[C@@H](CC2=CNC3=C2C=CC=C3)C(OC)=CC1=O)=O)NC([C@H](CCC4=CC=CC=C4)NC([C@H](CC(C)C)NC([C@H](C(C)C)N(C)C)=O)=O)=O,True,2.646763152463579,SVM_RBF,0.8716782950165345,1,3,True,3.57503489570824,KNeighbors,1.0,1,3,True,True,True,0.9358391475082672
gallinamide _analogo_novo_8,CN(C)[C@@H]([C@H](CC)C)C(O[C@@H](CC(C)C)C(N[C@@H](CC(C)C)C(N[C@@H](CC1=CC=CC=C1)/C=C/C(N2C(C=C(OC)[C@@H]2CC3=CC=CC=C3)=O)=O)=O)=O)=O,True,7.326977576994506,SVM_RBF,0.8571284559661111,1,3,True,7.9108373915489665,KNeighbors,1.0,1,3,True,True,True,0.9285642279830555
gallinamide_analogo_ novo_26,CN([C@H](C(O[C@H](C(N[C@H](C(N[C@@H](/C=C/C(N1C(C=C([C@H]1CC2=CC=CC=C2)OC)=O)=O)CC3=CC=CC=C3)=O)CC(C)C)=O)CC(C)C)=O)[C@H](CC)C)C,True,7.326977576994506,SVM_RBF,0.8571284559661111,1,3,True,7.910837391549118,KNeighbors,1.0,1,3,True,True,True,0.9285642279830555
gallinamide_analog o_novo_25,CN([C@H](C(O[C@H](C(N[C@H](C(N[C@@H](/C=C/C(N1C(C=C([C@@H]1CC2=CC=CC=C2)OC)=O)=O)CC3=CC=CC=C3)=O)CC(C)C)=O)CC(C)C)=O)[C@H](CC)C)C,True,7.326977576994506,SVM_RBF,0.8571284559661111,1,3,True,7.910837391549118,KNeighbors,1.0,1,3,True,True,True,0.9285642279830555
gallinamide_analog o_novo_23,CN([C@H](C(O[C@H](C(N[C@H](C(N[C@H](/C=C/C(N1C(C=C([C@@H]1CC2=CC=CC=C2)OC)=O)=O)CC3=CC=CC=C3)=O)CC(C)C)=O)CC(C)C)=O)[C@@H](C)CC)C,True,7.326977576994506,SVM_RBF,0.8571284559661111,1,3,True,7.910837391548992,KNeighbors,1.0,1,3,True,True,True,0.9285642279830555
gallinamide _analogo_novo_12,CN(C)[C@@H]([C@@H](C)CC)C(O[C@@H](CC(C)C)C(N[C@@H](CC(C)C)C(N[C@@H](CC1=CC=CC=C1)/C=C/C(N2C(C=C(OC)[C@H]2CC3=CC=CC=C3)=O)=O)=O)=O)=O,True,7.326977576994506,SVM_RBF,0.8571284559661111,1,3,True,7.910837391549026,KNeighbors,1.0,1,3,True,True,True,0.9285642279830555
gallinamide _analogo_novo_14,CN(C)[C@@H]([C@@H](C)CC)C(O[C@@H](CC(C)C)C(N[C@@H](CC(C)C)C(N[C@H](CC1=CC=CC=C1)/C=C/C(N2C(C=C(OC)[C@@H]2CC3=CC=CC=C3)=O)=O)=O)=O)=O,True,7.326977576994506,SVM_RBF,0.8571284559661111,1,3,True,7.910837391549026,KNeighbors,1.0,1,3,True,True,True,0.9285642279830555
gallinamide_a nalogo_novo_15,CN(C)[C@@H]([C@@H](C)CC)C(O[C@@H](CC(C)C)C(N[C@@H](CC(C)C)C(N[C@H](CC1=CC=CC=C1)/C=C/C(N2C(C=C(OC)[C@H]2CC3=CC=CC=C3)=O)=O)=O)=O)=O,True,7.326977576994506,SVM_RBF,0.8571284559661111,1,3,True,7.910837391549026,KNeighbors,1.0,1,3,True,True,True,0.9285642279830555
gallinamide_analogo_novo_17,C[C@@H](/C=C/C(N1[C@@H](C)C(OC)=CC1=O)=O)NC([C@H](CC(C)C)NC([C@H](CC(C)C)OC([C@H]([C@H](CC)C)N(C)C)=O)=O)=O,True,5.0531027461209135,SVM_RBF,0.8227927081109536,1,3,True,4.759763759275697,KNeighbors,1.0,1,3,True,True,True,0.9113963540554768
gallinamide_analogo_novo_19,CN([C@H](C(O[C@H](C(N[C@H](C(N[C@H](/C=C/C(N1C(C=C([C@@H]1CC(C)C)OC)=O)=O)C)=O)CC(C)C)=O)CC(C)C)=O)[C@H](CC)C)C,True,5.0531027461209135,SVM_RBF,0.8227927081109536,1,3,True,8.247218738064268,KNeighbors,1.0,1,3,True,True,True,0.9113963540554768
gallinamide_analogo_novo_1,CN(C)[C@@H]([C@H](CC)C)C(O[C@@H](CC(C)C)C(N[C@@H](CC(C)C)C(N[C@@H](C)/C=C/C(N1C(C=C(OC)[C@@H]1C)=O)=O)=O)=O)=O,True,5.0531027461209135,SVM_RBF,0.8227927081109536,1,3,True,4.759763734592787,KNeighbors,1.0,1,3,True,True,True,0.9113963540554768
gallinamide_analogo_novo_5,CN(C)[C@@H]([C@@H](C)CC)C(O[C@@H](CC(C)C)C(N[C@@H](CC(C)C)C(N[C@@H](C)/C=C/C(N1C(C=C(OC)[C@@H]1CC(C)C)=O)=O)=O)=O)=O,True,5.0531027461209135,SVM_RBF,0.8227927081109536,1,3,True,8.247218738064271,KNeighbors,1.0,1,3,True,True,True,0.9113963540554768
gallinamide_an alogo_novo_29,C[C@@H](/C=C/C(N1[C@@H](CC2=CNC3=C2C=CC=C3)C(OC)=CC1=O)=O)NC([C@H](CCC4=CC=CC=C4)NC([C@H](CC5CCCCC5)NC([C@H](C(C)C)N(C)C)=O)=O)=O,True,3.134589980005412,SVM_RBF,0.82268697829644,1,3,True,4.736463384804858,KNeighbors,1.0,1,3,True,True,True,0.9113434891482199
gallinamide_analogo_novo_ 11,CN(C)[C@@H](C(C)C)C(O[C@@H](CC(C)C)C(N[C@@H](CC(C)C)C(N[C@@H](CC1=CC=CC=C1)/C=C/C(N2C(C=C(OC)[C@@H]2CC(C)C)=O)=O)=O)=O)=O,True,6.04648726939517,SVM_RBF,0.8116667555261523,1,3,True,7.906254235713332,KNeighbors,1.0,1,3,True,True,True,0.9058333777630762
gallinamide_analogo_novo_ 3,CN(C)[C@@H]([C@H](CC)C)C(O[C@@H](CC(C)C)C(N[C@@H](CC(C)C)C(N[C@@H](C)/C=C/C(N1C(C=C(OC)[C@@H]1CC2=CC=CC=C2)=O)=O)=O)=O)=O,True,7.044618224563005,SVM_RBF,0.8045351211428038,1,3,True,6.929622524358942,KNeighbors,1.0,1,3,True,True,True,0.9022675605714019
gallinamide_analog o_novo_10,CN(C)[C@@H]([C@@H](C)CC)C(O[C@@H](CC(C)C)C(N[C@@H](CC(C)C)C(N[C@@H](CC1=CC=CC=C1)/C=C/C(N2C(C=C(OC)[C@@H]2CC(C)C)=O)=O)=O)=O)=O,True,7.044618224563005,SVM_RBF,0.8045351211428038,1,3,True,8.49895874979903,KNeighbors,1.0,1,3,True,True,True,0.9022675605714019
gallinamide_analogo_nov o_6,CN(C)[C@@H]([C@@H](C)CC)C(O[C@@H](CC(C)C)C(N[C@@H](CC(C)C)C(N[C@@H](CC1=CC=CC=C1)/C=C/C(N2C(C=C(OC)[C@@H]2C)=O)=O)=O)=O)=O,True,7.044618224563005,SVM_RBF,0.8045351211428038,1,3,True,6.768119160366664,KNeighbors,1.0,1,3,True,True,True,0.9022675605714019
gallin amide_analogo_novo_32,O=C1N(C(/C=C/[C@H](CCC2=CC=CC=C2)NC([C@H](CC(C)C)NC([C@H](CC(C)C)NC([C@H](C(C)C)N(C)C)=O)=O)=O)=O)C(CC3=CC=C(C4=CC=C(C(F)(F)F)C=C4)C=C3)C(OC)=C1,True,7.765136280401346,SVM_RBF,0.9362280473397039,1,3,True,12.113879547216422,KNeighbors,0.8571428571428571,1,3,True,True,True,0.8966854522412805
gallinamide_analogo_n ovo_7,CN(C)[C@@H](CC1=CC=CC=C1)C(O[C@@H](CC(C)C)C(N[C@@H](CC(C)C)C(N[C@@H](CC2=CC=CC=C2)/C=C/C(N3C(C=C(OC)[C@@H]3C)=O)=O)=O)=O)=O,True,7.121838718033834,SVM_RBF,0.8963452965431891,1,3,True,8.409136338222089,KNeighbors,0.8571428571428571,1,3,True,True,True,0.876744076843023
gallinamide_analogo_novo_21,CN([C@H](C(O[C@H](C(N[C@H](C(N[C@H](/C=C/C(N1C(C=C([C@@H]1C)OC)=O)=O)CC2=CC=CC=C2)=O)CC(C)C)=O)CC(C)C)=O)CC3=CC=CC=C3)C,True,7.121838718033834,SVM_RBF,0.8963452965431891,1,3,True,8.409136338222009,KNeighbors,0.8571428571428571,1,3,True,True,True,0.876744076843023
gallinamide_analogo_n ovo_4,CN(C)[C@@H](CC1=CC=CC=C1)C(O[C@@H](CC(C)C)C(N[C@@H](CC(C)C)C(N[C@@H](C)/C=C/C(N2C(C=C(OC)[C@@H]2CC3=CC=CC=C3)=O)=O)=O)=O)=O,True,6.853008825135511,SVM_RBF,0.8391008710630283,1,3,True,9.537347357768411,KNeighbors,0.8571428571428571,1,3,True,True,True,0.8481218641029427
gallinamide_analogo_novo_18,CN([C@H](C(O[C@H](C(N[C@H](C(N[C@H](/C=C/C(N1C(C=C([C@@H]1CC2=CC=CC=C2)OC)=O)=O)C)=O)CC(C)C)=O)CC(C)C)=O)CC3=CC=CC=C3)C,True,6.853008825135511,SVM_RBF,0.8391008710630283,1,3,True,9.537347357768557,KNeighbors,0.8571428571428571,1,3,True,True,True,0.8481218641029427
gallina mide_analogo_novo_9,CN(C)[C@@H](CC1=CC=CC=C1)C(O[C@@H](CC(C)C)C(N[C@@H](CC(C)C)C(N[C@@H](CC2=CC=CC=C2)/C=C/C(N3C(C=C(OC)[C@@H]3CC4=CC=CC=C4)=O)=O)=O)=O)=O,True,6.853008825135511,SVM_RBF,0.8391008710630283,1,3,True,9.977438033927971,KNeighbors,0.8571428571428571,1,3,True,True,True,0.8481218641029427
gallinamide_anal ogo_novo_24,CN([C@H](C(O[C@H](C(N[C@H](C(N[C@H](/C=C/C(N1C(C=C([C@@H]1CC2=CC=CC=C2)OC)=O)=O)CC3=CC=CC=C3)=O)CC(C)C)=O)CC(C)C)=O)CC4=CC=CC=C4)C,True,6.853008825135511,SVM_RBF,0.8391008710630283,1,3,True,9.977438033928044,KNeighbors,0.8571428571428571,1,3,True,True,True,0.8481218641029427
gallinamide_analog o_novo_22,CN([C@H](C(O[C@H](C(N[C@H](C(N[C@H](/C=C/C(N1C(C=C([C@H]1CC2=CC=CC=C2)OC)=O)=O)CC3=CC=CC=C3)=O)CC(C)C)=O)CC(C)C)=O)CC4=CC=CC=C4)C,True,6.853008825135511,SVM_RBF,0.8391008710630283,1,3,True,9.977438033928044,KNeighbors,0.8571428571428571,1,3,True,True,True,0.8481218641029427
gallinamid e_analogo_novo_13,CN(C)[C@@H](CC1=CC=CC=C1)C(O[C@@H](CC(C)C)C(N[C@@H](CC(C)C)C(N[C@@H](CC2=CC=CC=C2)/C=C/C(N3C(C=C(OC)[C@H]3CC4=CC=CC=C4)=O)=O)=O)=O)=O,True,6.853008825135511,SVM_RBF,0.8391008710630283,1,3,True,9.977438033927971,KNeighbors,0.8571428571428571,1,3,True,True,True,0.8481218641029427
gallinamide_an alogo_novo_35,O=C1N(C(/C=C/[C@H](CCC2=CC=CC=C2)NC([C@H](CC(C)C)NC([C@H](CC(C)C)NC(C3CCN(C)CC3)=O)=O)=O)=O)C(CC4=CC=C(C5=CC=C(OC)C=C5)C=C4)C(OC)=C1,True,6.794625629783008,SVM_RBF,0.8235385824453125,1,3,True,10.228073686784757,KNeighbors,0.8571428571428571,1,3,True,True,True,0.8403407197940849
gallina mide_analogo_novo_39,O=C1N(C(/C=C/[C@H](CCC2=CC=CC=C2)NC([C@H](CC(C)C)NC([C@H](CC(C)C)NC(C3CCN(C)CC3)=O)=O)=O)=O)C(CC4=CC=C(C5=CC(C=CC=C6)=C6C=C5)C=C4)C(OC)=C1,True,5.786477264934122,SVM_RBF,0.7924850085926722,1,3,True,11.438529029817664,KNeighbors,0.8571428571428571,1,3,True,True,True,0.8248139328677646
gallinamide_analogo_novo_16,CN(C)[C@@H]([C@@H](C)CC)C(O[C@@H](CC(C)C)C(N[C@@H](CC(C)C)C(N[C@@H](C)/C=C/C(N1C(C=C(OCCCCC#C)[C@@H]1C)=O)=O)=O)=O)=O,True,11.097446771259431,SVM_RBF,0.6153870325865277,1,3,True,10.32205176545283,KNeighbors,1.0,1,3,True,True,True,0.8076935162932639
gallinamide_a nalogo_novo_37,O=C1N(C(/C=C/[C@H](CCC2=CC=CC=C2)NC([C@H](CC(C)C)NC([C@H](CC(C)C)NC(C3CCN(C)CC3)=O)=O)=O)=O)C(CC4=CC=C(C5=CC=C(C#N)C=C5)C=C4)C(OC)=C1,True,7.3093385780930245,SVM_RBF,0.8532084296961991,1,3,True,11.135942707708168,KNeighbors,0.7142857142857143,1,3,True,True,True,0.7837470719909567
gallinamide_analogo_novo_27,C[C@@H](/C=C/C(N1[C@@H](CC2=CNC3=C2C=CC=C3)C(OC)=CC1=O)=O)NC([C@H](CC(C)C)NC([C@H](CC(C)C)NC([C@H](C(C)C)N(C)C)=O)=O)=O,True,2.984711261297094,SVM_RBF,0.8490288545465432,1,3,True,3.3018948628222398,KNeighbors,0.7142857142857143,1,3,True,True,True,0.7816572844161287
gallinamide_analog o_novo_31,O=C1N(C(/C=C/[C@H](CCC2=CC=CC=C2)NC([C@H](CC(C)C)NC([C@H](CC(C)C)NC(C3CCN(C)CC3)=O)=O)=O)=O)C(CC4=CC=C(C5=CC=CC=C5)C=C4)C(OC)=C1,True,6.461898075459514,SVM_RBF,0.817235878488293,1,3,True,9.932706185513133,KNeighbors,0.7142857142857143,1,3,True,True,True,0.7657607963870037
gallinamid e_analogo_novo_33,O=C1N(C(/C=C/[C@H](CCC2=CC=CC=C2)NC([C@H](CC(C)C)NC([C@H](CC(C)C)NC(C3CCN(C)CC3)=O)=O)=O)=O)C(CC4=CC=C(C5=CC=C(C(F)(F)F)C=C5)C=C4)C(OC)=C1,True,8.312606090298289,SVM_RBF,0.8627698125210125,1,3,True,13.296176629245442,KNeighbors,0.5714285714285714,1,3,True,True,True,0.717099191974792
